sample_id,dataset,tissue_type,age,gender,split
GSM1007173,GSE41037,blood whole,46.0,F,train
GSM1059475,E-GEOD-43256,placenta,-0.5561643835616439,F,test
GSM1059476,E-GEOD-43256,placenta,-0.5945205479452055,F,train
GSM1059477,E-GEOD-43256,placenta,-0.6520547945205479,F,train
GSM1059478,E-GEOD-43256,placenta,-0.5561643835616439,M,test
GSM1059479,E-GEOD-43256,placenta,-0.5945205479452055,M,train
GSM1059480,E-GEOD-43256,placenta,-0.6520547945205479,M,test
GSM1059481,E-GEOD-43256,placenta,-0.536986301369863,M,train
GSM1059482,E-GEOD-43256,placenta,-0.6136986301369863,F,test
GSM1059483,E-GEOD-43256,placenta,-0.536986301369863,M,train
GSM1059484,E-GEOD-43256,placenta,-0.4986301369863014,F,train
GSM1088602,E-GEOD-44712,placenta,-0.15917808219178084,M,test
GSM1088603,E-GEOD-44712,placenta,-0.13693150684931507,F,train
GSM1088604,E-GEOD-44712,placenta,-0.12082191780821912,M,train
GSM1088605,E-GEOD-44712,placenta,-0.15342465753424658,M,test
GSM1088606,E-GEOD-44712,placenta,-0.15917808219178084,F,train
GSM1088607,E-GEOD-44712,placenta,-0.11506849315068493,F,valid
GSM1088608,E-GEOD-44712,placenta,-0.29035616438356165,M,test
GSM1088609,E-GEOD-44712,placenta,-0.2684931506849315,M,test
GSM1088610,E-GEOD-44712,placenta,-0.14536986301369859,M,test
GSM1088611,E-GEOD-44712,placenta,-0.052164383561643816,M,test
GSM1088612,E-GEOD-44712,placenta,-0.11775342465753426,M,test
GSM1088613,E-GEOD-44712,placenta,-0.12350684931506845,F,test
GSM1088614,E-GEOD-44712,placenta,-0.21939726027397263,M,test
GSM1088615,E-GEOD-44712,placenta,-0.052164383561643816,F,test
GSM1088616,E-GEOD-44712,placenta,-0.13999999999999996,M,train
GSM1088617,E-GEOD-44712,placenta,-0.252,M,train
GSM1088618,E-GEOD-44712,placenta,-0.27961643835616434,F,valid
GSM1088619,E-GEOD-44712,placenta,-0.14268493150684927,M,test
GSM1088620,E-GEOD-44712,placenta,-0.14805479452054793,F,test
GSM1088621,E-GEOD-44712,placenta,-0.11506849315068493,M,train
GSM1088622,E-GEOD-44712,placenta,-0.23013698630136986,M,test
GSM1088623,E-GEOD-44712,placenta,-0.12082191780821912,M,valid
GSM1088624,E-GEOD-44712,placenta,-0.14805479452054793,M,test
GSM1088625,E-GEOD-44712,placenta,-0.15342465753424658,M,train
GSM1088626,E-GEOD-44712,placenta,-0.13693150684931507,M,train
GSM1088627,E-GEOD-44712,placenta,-0.14268493150684927,F,train
GSM1088628,E-GEOD-44712,placenta,-0.2684931506849315,F,train
GSM1088629,E-GEOD-44712,placenta,-0.1645479452054794,M,train
GSM1088630,E-GEOD-44712,placenta,-0.07671232876712329,M,train
GSM1088631,E-GEOD-44712,placenta,-0.11506849315068493,M,train
GSM1088632,E-GEOD-44712,placenta,-0.2876712328767123,M,train
GSM1088633,E-GEOD-44712,placenta,-0.14268493150684927,F,valid
GSM1088634,E-GEOD-44712,placenta,-0.13999999999999996,M,train
GSM1088635,E-GEOD-44712,placenta,-0.14536986301369859,M,train
GSM1088636,E-GEOD-44712,placenta,-0.12657534246575344,F,train
GSM1088637,E-GEOD-44712,placenta,-0.12350684931506845,M,train
GSM1088638,E-GEOD-44712,placenta,-0.23013698630136986,F,test
GSM1088639,E-GEOD-44712,placenta,-0.052164383561643816,F,test
GSM1088640,E-GEOD-44712,placenta,-0.12082191780821912,M,valid
GSM1088641,E-GEOD-44712,placenta,-0.21939726027397263,M,train
GSM1104642,E-GEOD-45461,bone marrow,-0.3452054794520548,,train
GSM1104643,E-GEOD-45461,bone marrow,-0.3452054794520548,,train
GSM1104644,E-GEOD-45461,bone marrow,-0.3452054794520548,,test
GSM1104645,E-GEOD-45461,bone marrow,-0.3452054794520548,,test
GSM1104646,E-GEOD-45461,bone marrow,-0.3452054794520548,,train
GSM1104647,E-GEOD-45461,bone marrow,-0.3452054794520548,,test
GSM1104648,E-GEOD-45461,bone marrow,-0.3452054794520548,,test
GSM1104649,E-GEOD-45461,bone marrow,-0.3452054794520548,,train
GSM1104650,E-GEOD-45461,bone marrow,-0.3452054794520548,,test
GSM1104651,E-GEOD-45461,bone marrow,-0.3452054794520548,,train
GSM1104652,E-GEOD-45461,bone marrow,-0.3452054794520548,,train
GSM1104653,E-GEOD-45461,bone marrow,-0.3452054794520548,,test
GSM1104654,E-GEOD-45461,bone marrow,-0.3452054794520548,,train
GSM1104655,E-GEOD-45461,bone marrow,-0.3452054794520548,,train
GSM1104656,E-GEOD-45461,bone marrow,-0.3452054794520548,,train
GSM1104657,E-GEOD-45461,bone marrow,-0.3452054794520548,,train
GSM1104658,E-GEOD-45461,bone marrow,-0.3452054794520548,,train
GSM1104659,E-GEOD-45461,bone marrow,-0.3452054794520548,,test
GSM1104660,E-GEOD-45461,bone marrow,-0.3452054794520548,,test
GSM1104661,E-GEOD-45461,bone marrow,-0.3452054794520548,,test
GSM1104662,E-GEOD-45461,bone marrow,-0.3452054794520548,,train
GSM1104663,E-GEOD-45461,bone marrow,-0.3452054794520548,,train
GSM1336745,E-GEOD-55438,placenta,-0.15068493150684925,,test
GSM1336746,E-GEOD-55438,placenta,-0.15068493150684925,,train
GSM1336747,E-GEOD-55438,placenta,-0.15068493150684925,,valid
GSM1336748,E-GEOD-55438,placenta,-0.15068493150684925,,test
GSM1336749,E-GEOD-55438,placenta,-0.15068493150684925,,train
GSM1336750,E-GEOD-55438,placenta,-0.15068493150684925,,train
GSM1336751,E-GEOD-55438,placenta,-0.15068493150684925,,train
GSM1336752,E-GEOD-55438,placenta,-0.15068493150684925,,test
GSM1336753,E-GEOD-55438,placenta,-0.15068493150684925,,train
GSM1336754,E-GEOD-55438,placenta,-0.15068493150684925,,test
GSM1336755,E-GEOD-55438,placenta,-0.15068493150684925,,train
GSM1336756,E-GEOD-55438,placenta,-0.15068493150684925,,test
GSM1336757,E-GEOD-55438,placenta,-0.6438356164383562,,test
GSM1336758,E-GEOD-55438,placenta,-0.6438356164383562,,test
GSM1336759,E-GEOD-55438,placenta,-0.6438356164383562,,test
GSM1336760,E-GEOD-55438,placenta,-0.6438356164383562,,train
GSM1336761,E-GEOD-55438,placenta,-0.6438356164383562,,test
GSM1336762,E-GEOD-55438,placenta,-0.6438356164383562,,train
GSM1336763,E-GEOD-55438,placenta,-0.15068493150684925,,train
GSM1336764,E-GEOD-55438,placenta,-0.15068493150684925,,test
GSM1336765,E-GEOD-55438,placenta,-0.15068493150684925,,test
GSM1336766,E-GEOD-55438,placenta,-0.15068493150684925,,test
GSM1336767,E-GEOD-55438,placenta,-0.15068493150684925,,train
GSM1336768,E-GEOD-55438,placenta,-0.15068493150684925,,test
GSM1336769,E-GEOD-55438,placenta,-0.6438356164383562,,test
GSM1336770,E-GEOD-55438,placenta,-0.6438356164383562,,test
GSM1336771,E-GEOD-55438,placenta,-0.6438356164383562,,test
GSM1336772,E-GEOD-55438,placenta,-0.6438356164383562,,train
GSM1336773,E-GEOD-55438,placenta,-0.6438356164383562,,test
GSM1336774,E-GEOD-55438,placenta,-0.6438356164383562,,train
GSM1336775,E-GEOD-55438,placenta,-0.15068493150684925,,train
GSM1336776,E-GEOD-55438,placenta,-0.15068493150684925,,valid
GSM1336777,E-GEOD-55438,placenta,-0.15068493150684925,,train
GSM1336778,E-GEOD-55438,placenta,-0.15068493150684925,,train
GSM1336779,E-GEOD-55438,placenta,-0.15068493150684925,,test
GSM1336780,E-GEOD-55438,placenta,-0.15068493150684925,,train
GSM1336781,E-GEOD-55438,placenta,-0.15068493150684925,,train
GSM1336782,E-GEOD-55438,placenta,-0.15068493150684925,,valid
GSM1336783,E-GEOD-55438,placenta,-0.15068493150684925,,train
GSM1336784,E-GEOD-55438,placenta,-0.15068493150684925,,train
GSM1336785,E-GEOD-55438,placenta,-0.15068493150684925,,train
GSM1336786,E-GEOD-55438,placenta,-0.15068493150684925,,train
GSM1336787,E-GEOD-55438,placenta,-0.6438356164383562,,train
GSM1336788,E-GEOD-55438,placenta,-0.6438356164383562,,train
GSM1336789,E-GEOD-55438,placenta,-0.6438356164383562,,test
GSM1336790,E-GEOD-55438,placenta,-0.6438356164383562,,test
GSM1336791,E-GEOD-55438,placenta,-0.6438356164383562,,valid
GSM1336792,E-GEOD-55438,placenta,-0.6438356164383562,,valid
GSM1355274,E-GEOD-56105,blood whole,12.0,F,valid
GSM1355278,E-GEOD-56105,blood whole,12.0,F,train
GSM1355279,E-GEOD-56105,blood whole,50.0,F,train
GSM1355280,E-GEOD-56105,blood whole,12.0,F,train
GSM1355283,E-GEOD-56105,blood whole,16.0,F,train
GSM1355285,E-GEOD-56105,blood whole,12.0,M,train
GSM1355287,E-GEOD-56105,blood whole,16.0,M,train
GSM1355288,E-GEOD-56105,blood whole,12.0,M,train
GSM1355289,E-GEOD-56105,blood whole,14.0,M,train
GSM1355291,E-GEOD-56105,blood whole,47.0,M,train
GSM1355292,E-GEOD-56105,blood whole,18.0,F,train
GSM1355293,E-GEOD-56105,blood whole,13.0,F,valid
GSM1355294,E-GEOD-56105,blood whole,14.0,F,train
GSM1355295,E-GEOD-56105,blood whole,40.0,F,train
GSM1355296,E-GEOD-56105,blood whole,15.0,M,valid
GSM1355297,E-GEOD-56105,blood whole,12.0,F,train
GSM1355298,E-GEOD-56105,blood whole,43.0,F,train
GSM1355299,E-GEOD-56105,blood whole,47.0,F,train
GSM1355300,E-GEOD-56105,blood whole,48.0,F,train
GSM1355303,E-GEOD-56105,blood whole,12.0,F,valid
GSM1355304,E-GEOD-56105,blood whole,14.0,M,train
GSM1355305,E-GEOD-56105,blood whole,13.0,M,train
GSM1355306,E-GEOD-56105,blood whole,12.0,M,train
GSM1355310,E-GEOD-56105,blood whole,16.0,M,train
GSM1355311,E-GEOD-56105,blood whole,18.0,M,train
GSM1355313,E-GEOD-56105,blood whole,49.0,M,train
GSM1355315,E-GEOD-56105,blood whole,48.0,M,train
GSM1355316,E-GEOD-56105,blood whole,12.0,M,train
GSM1355317,E-GEOD-56105,blood whole,12.0,M,train
GSM1355318,E-GEOD-56105,blood whole,47.0,M,train
GSM1355321,E-GEOD-56105,blood whole,18.0,F,train
GSM1355323,E-GEOD-56105,blood whole,50.0,F,train
GSM1355324,E-GEOD-56105,blood whole,12.0,F,train
GSM1355326,E-GEOD-56105,blood whole,12.0,F,train
GSM1355328,E-GEOD-56105,blood whole,12.0,F,train
GSM1355329,E-GEOD-56105,blood whole,12.0,F,train
GSM1355330,E-GEOD-56105,blood whole,14.0,F,train
GSM1355334,E-GEOD-56105,blood whole,15.0,M,train
GSM1355335,E-GEOD-56105,blood whole,20.0,M,train
GSM1355337,E-GEOD-56105,blood whole,13.0,M,train
GSM1355338,E-GEOD-56105,blood whole,12.0,M,train
GSM1355340,E-GEOD-56105,blood whole,16.0,M,valid
GSM1355342,E-GEOD-56105,blood whole,16.0,M,train
GSM1355343,E-GEOD-56105,blood whole,12.0,F,train
GSM1355344,E-GEOD-56105,blood whole,12.0,M,train
GSM1355345,E-GEOD-56105,blood whole,49.0,F,train
GSM1355346,E-GEOD-56105,blood whole,16.0,F,valid
GSM1355347,E-GEOD-56105,blood whole,46.0,M,train
GSM1355348,E-GEOD-56105,blood whole,14.0,M,train
GSM1355349,E-GEOD-56105,blood whole,12.0,F,valid
GSM1355351,E-GEOD-56105,blood whole,44.0,M,train
GSM1355352,E-GEOD-56105,blood whole,52.0,M,train
GSM1355355,E-GEOD-56105,blood whole,15.0,F,valid
GSM1355356,E-GEOD-56105,blood whole,42.0,F,train
GSM1355357,E-GEOD-56105,blood whole,12.0,F,train
GSM1355358,E-GEOD-56105,blood whole,12.0,F,train
GSM1355360,E-GEOD-56105,blood whole,12.0,F,train
GSM1355361,E-GEOD-56105,blood whole,12.0,M,train
GSM1355364,E-GEOD-56105,blood whole,12.0,M,train
GSM1355366,E-GEOD-56105,blood whole,12.0,M,train
GSM1355367,E-GEOD-56105,blood whole,11.0,F,valid
GSM1355369,E-GEOD-56105,blood whole,12.0,F,train
GSM1355371,E-GEOD-56105,blood whole,53.0,M,train
GSM1355372,E-GEOD-56105,blood whole,16.0,M,train
GSM1355373,E-GEOD-56105,blood whole,12.0,M,valid
GSM1355375,E-GEOD-56105,blood whole,16.0,M,train
GSM1355377,E-GEOD-56105,blood whole,47.0,F,train
GSM1355378,E-GEOD-56105,blood whole,12.0,F,train
GSM1355384,E-GEOD-56105,blood whole,16.0,M,train
GSM1355385,E-GEOD-56105,blood whole,10.0,F,train
GSM1355386,E-GEOD-56105,blood whole,51.0,M,train
GSM1355390,E-GEOD-56105,blood whole,12.0,F,train
GSM1355393,E-GEOD-56105,blood whole,14.0,M,train
GSM1355394,E-GEOD-56105,blood whole,45.0,F,train
GSM1355397,E-GEOD-56105,blood whole,12.0,M,train
GSM1355398,E-GEOD-56105,blood whole,12.0,F,train
GSM1355400,E-GEOD-56105,blood whole,12.0,M,train
GSM1355403,E-GEOD-56105,blood whole,14.0,F,valid
GSM1355404,E-GEOD-56105,blood whole,12.0,F,train
GSM1355405,E-GEOD-56105,blood whole,15.0,M,train
GSM1355406,E-GEOD-56105,blood whole,14.0,M,train
GSM1355407,E-GEOD-56105,blood whole,12.0,M,valid
GSM1355408,E-GEOD-56105,blood whole,12.0,F,train
GSM1355409,E-GEOD-56105,blood whole,10.0,M,train
GSM1355410,E-GEOD-56105,blood whole,16.0,F,train
GSM1355411,E-GEOD-56105,blood whole,19.0,M,train
GSM1355415,E-GEOD-56105,blood whole,16.0,M,train
GSM1355417,E-GEOD-56105,blood whole,16.0,F,valid
GSM1355421,E-GEOD-56105,blood whole,14.0,F,valid
GSM1355423,E-GEOD-56105,blood whole,16.0,M,valid
GSM1355425,E-GEOD-56105,blood whole,16.0,M,train
GSM1355426,E-GEOD-56105,blood whole,48.0,F,valid
GSM1355429,E-GEOD-56105,blood whole,40.0,F,train
GSM1355433,E-GEOD-56105,blood whole,21.0,M,valid
GSM1355434,E-GEOD-56105,blood whole,50.0,F,train
GSM1355439,E-GEOD-56105,blood whole,14.0,M,train
GSM1355440,E-GEOD-56105,blood whole,12.0,F,train
GSM1355441,E-GEOD-56105,blood whole,14.0,M,train
GSM1355443,E-GEOD-56105,blood whole,12.0,F,train
GSM1355445,E-GEOD-56105,blood whole,16.0,M,train
GSM1355447,E-GEOD-56105,blood whole,14.0,M,train
GSM1355451,E-GEOD-56105,blood whole,16.0,F,train
GSM1355454,E-GEOD-56105,blood whole,12.0,M,valid
GSM1355455,E-GEOD-56105,blood whole,48.0,F,train
GSM1355460,E-GEOD-56105,blood whole,12.0,M,valid
GSM1355461,E-GEOD-56105,blood whole,48.0,M,train
GSM1355462,E-GEOD-56105,blood whole,12.0,M,valid
GSM1355495,E-GEOD-56105,blood whole,49.0,M,train
GSM1355496,E-GEOD-56105,blood whole,14.0,F,train
GSM1355498,E-GEOD-56105,blood whole,55.0,M,train
GSM1355505,E-GEOD-56105,blood whole,14.0,M,train
GSM1355508,E-GEOD-56105,blood whole,37.0,F,train
GSM1355509,E-GEOD-56105,blood whole,17.0,F,train
GSM1355510,E-GEOD-56105,blood whole,14.0,F,train
GSM1355511,E-GEOD-56105,blood whole,17.0,M,train
GSM1355512,E-GEOD-56105,blood whole,12.0,F,valid
GSM1355513,E-GEOD-56105,blood whole,17.0,F,train
GSM1355514,E-GEOD-56105,blood whole,48.0,M,train
GSM1355515,E-GEOD-56105,blood whole,58.0,F,train
GSM1355516,E-GEOD-56105,blood whole,16.0,F,train
GSM1355518,E-GEOD-56105,blood whole,14.0,M,train
GSM1355520,E-GEOD-56105,blood whole,12.0,M,train
GSM1355522,E-GEOD-56105,blood whole,16.0,M,valid
GSM1355523,E-GEOD-56105,blood whole,45.0,M,valid
GSM1355524,E-GEOD-56105,blood whole,14.0,F,valid
GSM1355525,E-GEOD-56105,blood whole,15.0,M,train
GSM1355526,E-GEOD-56105,blood whole,16.0,M,train
GSM1355529,E-GEOD-56105,blood whole,12.0,F,train
GSM1355534,E-GEOD-56105,blood whole,16.0,M,train
GSM1355536,E-GEOD-56105,blood whole,14.0,M,valid
GSM1355537,E-GEOD-56105,blood whole,12.0,M,train
GSM1355538,E-GEOD-56105,blood whole,16.0,F,train
GSM1355540,E-GEOD-56105,blood whole,12.0,F,valid
GSM1355542,E-GEOD-56105,blood whole,18.0,M,valid
GSM1355543,E-GEOD-56105,blood whole,12.0,M,train
GSM1355546,E-GEOD-56105,blood whole,19.0,M,train
GSM1355547,E-GEOD-56105,blood whole,17.0,M,train
GSM1355548,E-GEOD-56105,blood whole,12.0,M,train
GSM1355549,E-GEOD-56105,blood whole,16.0,M,valid
GSM1355550,E-GEOD-56105,blood whole,12.0,F,valid
GSM1355587,E-GEOD-56105,blood whole,17.0,F,train
GSM1355588,E-GEOD-56105,blood whole,12.0,M,train
GSM1355589,E-GEOD-56105,blood whole,12.0,M,valid
GSM1355591,E-GEOD-56105,blood whole,12.0,M,valid
GSM1355593,E-GEOD-56105,blood whole,19.0,F,train
GSM1355594,E-GEOD-56105,blood whole,10.0,F,train
GSM1355596,E-GEOD-56105,blood whole,12.0,M,valid
GSM1355597,E-GEOD-56105,blood whole,12.0,M,train
GSM1355598,E-GEOD-56105,blood whole,35.0,F,train
GSM1355601,E-GEOD-56105,blood whole,16.0,M,train
GSM1355602,E-GEOD-56105,blood whole,14.0,M,train
GSM1355603,E-GEOD-56105,blood whole,14.0,F,valid
GSM1355604,E-GEOD-56105,blood whole,12.0,M,train
GSM1355607,E-GEOD-56105,blood whole,46.0,M,train
GSM1355608,E-GEOD-56105,blood whole,14.0,M,train
GSM1355610,E-GEOD-56105,blood whole,14.0,M,train
GSM1355611,E-GEOD-56105,blood whole,19.0,F,valid
GSM1355613,E-GEOD-56105,blood whole,12.0,M,valid
GSM1355614,E-GEOD-56105,blood whole,12.0,F,train
GSM1355615,E-GEOD-56105,blood whole,13.0,F,train
GSM1355617,E-GEOD-56105,blood whole,16.0,F,train
GSM1355618,E-GEOD-56105,blood whole,14.0,M,train
GSM1355619,E-GEOD-56105,blood whole,14.0,F,train
GSM1355620,E-GEOD-56105,blood whole,10.0,M,train
GSM1355623,E-GEOD-56105,blood whole,12.0,M,train
GSM1355625,E-GEOD-56105,blood whole,40.0,F,train
GSM1355629,E-GEOD-56105,blood whole,12.0,F,train
GSM1355630,E-GEOD-56105,blood whole,16.0,M,valid
GSM1355631,E-GEOD-56105,blood whole,16.0,F,train
GSM1355632,E-GEOD-56105,blood whole,12.0,M,train
GSM1355635,E-GEOD-56105,blood whole,12.0,M,valid
GSM1355636,E-GEOD-56105,blood whole,48.0,F,train
GSM1355637,E-GEOD-56105,blood whole,12.0,F,train
GSM1355638,E-GEOD-56105,blood whole,18.0,M,train
GSM1355639,E-GEOD-56105,blood whole,12.0,M,train
GSM1355643,E-GEOD-56105,blood whole,47.0,F,train
GSM1355644,E-GEOD-56105,blood whole,14.0,M,train
GSM1355646,E-GEOD-56105,blood whole,50.0,M,train
GSM1355647,E-GEOD-56105,blood whole,18.0,F,train
GSM1355650,E-GEOD-56105,blood whole,16.0,M,train
GSM1355653,E-GEOD-56105,blood whole,14.0,F,train
GSM1355655,E-GEOD-56105,blood whole,15.0,M,train
GSM1355657,E-GEOD-56105,blood whole,12.0,M,train
GSM1355658,E-GEOD-56105,blood whole,52.0,M,train
GSM1355659,E-GEOD-56105,blood whole,14.0,F,valid
GSM1355660,E-GEOD-56105,blood whole,12.0,M,valid
GSM1355661,E-GEOD-56105,blood whole,17.0,M,train
GSM1355662,E-GEOD-56105,blood whole,54.0,M,train
GSM1355663,E-GEOD-56105,blood whole,12.0,F,train
GSM1355664,E-GEOD-56105,blood whole,45.0,M,train
GSM1355665,E-GEOD-56105,blood whole,18.0,M,valid
GSM1355666,E-GEOD-56105,blood whole,14.0,F,train
GSM1355668,E-GEOD-56105,blood whole,12.0,F,train
GSM1355669,E-GEOD-56105,blood whole,43.0,F,train
GSM1355670,E-GEOD-56105,blood whole,14.0,F,train
GSM1355672,E-GEOD-56105,blood whole,17.0,M,train
GSM1355673,E-GEOD-56105,blood whole,43.0,F,train
GSM1355675,E-GEOD-56105,blood whole,11.0,F,train
GSM1355676,E-GEOD-56105,blood whole,14.0,M,train
GSM1355677,E-GEOD-56105,blood whole,16.0,M,train
GSM1355679,E-GEOD-56105,blood whole,16.0,F,train
GSM1355680,E-GEOD-56105,blood whole,12.0,M,train
GSM1355683,E-GEOD-56105,blood whole,43.0,M,valid
GSM1355684,E-GEOD-56105,blood whole,12.0,F,train
GSM1355687,E-GEOD-56105,blood whole,17.0,F,valid
GSM1355690,E-GEOD-56105,blood whole,14.0,M,train
GSM1355692,E-GEOD-56105,blood whole,12.0,F,train
GSM1355695,E-GEOD-56105,blood whole,16.0,M,train
GSM1355697,E-GEOD-56105,blood whole,16.0,F,train
GSM1355698,E-GEOD-56105,blood whole,16.0,F,valid
GSM1355699,E-GEOD-56105,blood whole,46.0,M,train
GSM1355700,E-GEOD-56105,blood whole,16.0,F,train
GSM1355701,E-GEOD-56105,blood whole,16.0,F,train
GSM1355702,E-GEOD-56105,blood whole,12.0,M,train
GSM1355703,E-GEOD-56105,blood whole,12.0,F,train
GSM1355704,E-GEOD-56105,blood whole,12.0,F,train
GSM1355705,E-GEOD-56105,blood whole,13.0,F,train
GSM1355708,E-GEOD-56105,blood whole,46.0,M,train
GSM1355709,E-GEOD-56105,blood whole,14.0,F,train
GSM1355710,E-GEOD-56105,blood whole,45.0,M,train
GSM1355713,E-GEOD-56105,blood whole,12.0,F,train
GSM1355714,E-GEOD-56105,blood whole,12.0,M,train
GSM1355716,E-GEOD-56105,blood whole,75.0,M,train
GSM1355717,E-GEOD-56105,blood whole,41.0,M,valid
GSM1355719,E-GEOD-56105,blood whole,16.0,M,train
GSM1355726,E-GEOD-56105,blood whole,53.0,M,train
GSM1355727,E-GEOD-56105,blood whole,47.0,M,train
GSM1355729,E-GEOD-56105,blood whole,48.0,M,train
GSM1355730,E-GEOD-56105,blood whole,12.0,F,train
GSM1355734,E-GEOD-56105,blood whole,12.0,F,train
GSM1355736,E-GEOD-56105,blood whole,44.0,M,train
GSM1355737,E-GEOD-56105,blood whole,10.0,M,train
GSM1355738,E-GEOD-56105,blood whole,17.0,M,train
GSM1355739,E-GEOD-56105,blood whole,43.0,M,train
GSM1355741,E-GEOD-56105,blood whole,21.0,F,train
GSM1355742,E-GEOD-56105,blood whole,42.0,M,train
GSM1355743,E-GEOD-56105,blood whole,16.0,F,train
GSM1355745,E-GEOD-56105,blood whole,12.0,M,train
GSM1355749,E-GEOD-56105,blood whole,12.0,M,train
GSM1355750,E-GEOD-56105,blood whole,12.0,M,train
GSM1355753,E-GEOD-56105,blood whole,12.0,M,train
GSM1355756,E-GEOD-56105,blood whole,51.0,F,train
GSM1355757,E-GEOD-56105,blood whole,12.0,F,train
GSM1355758,E-GEOD-56105,blood whole,16.0,M,valid
GSM1355759,E-GEOD-56105,blood whole,12.0,M,train
GSM1355760,E-GEOD-56105,blood whole,13.0,F,train
GSM1355761,E-GEOD-56105,blood whole,12.0,M,train
GSM1355762,E-GEOD-56105,blood whole,16.0,M,train
GSM1355763,E-GEOD-56105,blood whole,18.0,F,train
GSM1355764,E-GEOD-56105,blood whole,19.0,F,train
GSM1355770,E-GEOD-56105,blood whole,14.0,F,train
GSM1355773,E-GEOD-56105,blood whole,12.0,F,train
GSM1355774,E-GEOD-56105,blood whole,11.0,F,train
GSM1355775,E-GEOD-56105,blood whole,16.0,M,train
GSM1355776,E-GEOD-56105,blood whole,41.0,F,train
GSM1355780,E-GEOD-56105,blood whole,14.0,M,train
GSM1355781,E-GEOD-56105,blood whole,12.0,M,train
GSM1355782,E-GEOD-56105,blood whole,14.0,M,valid
GSM1355783,E-GEOD-56105,blood whole,12.0,M,train
GSM1355784,E-GEOD-56105,blood whole,12.0,F,train
GSM1355785,E-GEOD-56105,blood whole,13.0,F,train
GSM1355786,E-GEOD-56105,blood whole,12.0,F,train
GSM1355788,E-GEOD-56105,blood whole,14.0,F,train
GSM1355790,E-GEOD-56105,blood whole,12.0,M,train
GSM1355792,E-GEOD-56105,blood whole,16.0,M,train
GSM1355793,E-GEOD-56105,blood whole,59.0,M,train
GSM1355794,E-GEOD-56105,blood whole,12.0,F,valid
GSM1355796,E-GEOD-56105,blood whole,15.0,M,train
GSM1355797,E-GEOD-56105,blood whole,12.0,M,train
GSM1355798,E-GEOD-56105,blood whole,12.0,M,train
GSM1355799,E-GEOD-56105,blood whole,10.0,F,train
GSM1355802,E-GEOD-56105,blood whole,14.0,M,train
GSM1355803,E-GEOD-56105,blood whole,12.0,M,valid
GSM1355804,E-GEOD-56105,blood whole,51.0,M,train
GSM1355808,E-GEOD-56105,blood whole,12.0,F,valid
GSM1355809,E-GEOD-56105,blood whole,17.0,M,train
GSM1355810,E-GEOD-56105,blood whole,15.0,F,train
GSM1355811,E-GEOD-56105,blood whole,12.0,F,valid
GSM1355815,E-GEOD-56105,blood whole,12.0,F,train
GSM1355816,E-GEOD-56105,blood whole,16.0,F,train
GSM1355817,E-GEOD-56105,blood whole,12.0,M,train
GSM1355818,E-GEOD-56105,blood whole,14.0,M,train
GSM1363065,E-GEOD-56515,amnion,-0.5945205479452055,,valid
GSM1363067,E-GEOD-56515,amnion,-0.5945205479452055,,train
GSM1363069,E-GEOD-56515,amnion,-0.42191780821917807,,train
GSM1363070,E-GEOD-56515,amnion,-0.42191780821917807,,train
GSM1363075,E-GEOD-56515,muscle,-0.5945205479452055,,train
GSM1363077,E-GEOD-56515,muscle,-0.42191780821917807,,train
GSM1363080,E-GEOD-56515,muscle,-0.3452054794520548,,train
GSM1363082,E-GEOD-56515,adrenal,-0.5945205479452055,,train
GSM1363083,E-GEOD-56515,adrenal,-0.5945205479452055,,train
GSM1363085,E-GEOD-56515,adrenal,-0.42191780821917807,,train
GSM1363086,E-GEOD-56515,adrenal,-0.42191780821917807,,train
GSM1363087,E-GEOD-56515,adrenal,-0.42191780821917807,,valid
GSM1363088,E-GEOD-56515,adrenal,-0.3452054794520548,,train
GSM1363089,E-GEOD-56515,adrenal,-0.3452054794520548,,train
GSM1363090,E-GEOD-56515,adrenal,-0.3452054794520548,,train
GSM1363091,E-GEOD-56515,pancreas,-0.5945205479452055,,train
GSM1363092,E-GEOD-56515,pancreas,-0.5945205479452055,,train
GSM1363093,E-GEOD-56515,pancreas,-0.5945205479452055,,train
GSM1363097,E-GEOD-56515,pancreas,-0.3452054794520548,,train
GSM1363098,E-GEOD-56515,pancreas,-0.3452054794520548,,train
GSM1401019,E-GEOD-58119,blood serum,69.0,F,train
GSM1401026,E-GEOD-58119,blood serum,57.0,F,train
GSM1401036,E-GEOD-58119,blood serum,58.0,F,valid
GSM1401037,E-GEOD-58119,blood serum,61.0,F,train
GSM1401052,E-GEOD-58119,blood serum,63.0,F,train
GSM1401055,E-GEOD-58119,blood serum,73.0,F,train
GSM1401219,E-GEOD-58119,blood serum,55.0,F,valid
GSM1429560,GSE59157,kidney,144.0,F,train
GSM1432402,GSE59274,placenta,-0.05484931506849314,F,train
GSM1432406,GSE59274,placenta,-0.04104109589041097,F,train
GSM1432408,GSE59274,placenta,-0.005561643835616422,M,train
GSM1432409,GSE59274,placenta,-0.032794520547945225,F,valid
GSM1432410,GSE59274,placenta,-0.008246575342465748,M,valid
GSM1432411,GSE59274,placenta,-0.008246575342465748,M,train
GSM1432412,GSE59274,placenta,-0.0136164383561644,M,valid
GSM1432416,GSE59274,placenta,-0.019178082191780823,M,train
GSM1432417,GSE59274,placenta,-0.002684931506849326,F,valid
GSM1432418,GSE59274,placenta,-0.010931506849315074,F,train
GSM1432419,GSE59274,placenta,-0.005561643835616422,F,train
GSM1432420,GSE59274,placenta,-0.06578082191780821,F,train
GSM1432427,GSE59274,placenta,-0.06021917808219179,M,train
GSM1432431,GSE59274,placenta,-0.2356986301369863,F,train
GSM1432439,GSE59274,placenta,-0.046602739726027395,F,train
GSM1432441,GSE59274,placenta,-0.04391780821917807,M,train
GSM1432443,GSE59274,placenta,-0.12868493150684934,F,train
GSM1432444,GSE59274,placenta,-0.0958904109589041,F,train
GSM1432445,GSE59274,placenta,-0.16435616438356165,M,valid
GSM1432447,GSE59274,placenta,-0.1424931506849315,M,valid
GSM1432448,GSE59274,placenta,-0.22745205479452055,F,train
GSM1546397,E-GEOD-63347,brain hippocampus,38.0,F,valid
GSM1572921,E-GEOD-64511,brain hippocampus,38.0,F,train
GSM1842973,E-GEOD-71678,placenta,0.0,F,train
GSM1843072,E-GEOD-71678,placenta,0.0,M,train
GSM1843113,E-GEOD-71678,placenta,0.0,F,train
GSM1865172,E-GEOD-72556,saliva,4.0,F,train
GSM1931569,E-GEOD-74738,placenta,-0.021095890410958933,F,train
GSM1931576,E-GEOD-74738,placenta,-0.05178082191780827,F,train
GSM1931580,E-GEOD-74738,placenta,-0.06520547945205477,F,valid
GSM1931582,E-GEOD-74738,placenta,-0.05561643835616436,F,train
GSM1931583,E-GEOD-74738,placenta,-0.019178082191780823,M,train
GSM1931584,E-GEOD-74738,placenta,-0.06328767123287665,M,train
GSM1931587,E-GEOD-74738,placenta,-0.005753424657534192,F,train
GSM1931588,E-GEOD-74738,placenta,-0.007671232876712302,F,train
GSM1931589,E-GEOD-74738,placenta,-0.07479452054794518,F,train
GSM1931590,E-GEOD-74738,placenta,-0.019178082191780823,F,train
GSM1931591,E-GEOD-74738,placenta,-0.011506849315068521,F,train
GSM2084605,E-GEOD-79056,blood cord,-0.3041643835616438,F,train
GSM2084608,E-GEOD-79056,blood cord,-0.27117808219178086,M,train
GSM2084609,E-GEOD-79056,blood cord,-0.2356986301369863,F,train
GSM2084618,E-GEOD-79056,blood cord,-0.11506849315068493,F,train
GSM2084620,E-GEOD-79056,blood cord,-0.019178082191780823,F,train
GSM2084622,E-GEOD-79056,blood cord,-0.0136164383561644,F,train
GSM2084624,E-GEOD-79056,blood cord,-0.010931506849315074,M,train
GSM2084625,E-GEOD-79056,blood cord,-0.008246575342465748,M,train
GSM2084626,E-GEOD-79056,blood cord,-0.005561643835616422,M,train
GSM2084627,E-GEOD-79056,blood cord,-0.005561643835616422,M,train
GSM2084628,E-GEOD-79056,blood cord,-0.002684931506849326,F,train
GSM2084629,E-GEOD-79056,blood cord,-0.002684931506849326,M,train
GSM2084630,E-GEOD-79056,blood cord,-0.002684931506849326,M,valid
GSM401632,E-GEOD-36194,brain cerebellum,28.0,,train
GSM401633,E-GEOD-36194,brain cerebellum,47.0,,valid
GSM501650,GSE20067,blood whole,19.0,F,train
GSM712319,GSE28746,saliva,38.0,M,train
GSM897841,GSE36642,blood cord,-0.11506849315068493,M,train
GSM897842,GSE36642,blood cord,-0.11506849315068493,F,train
GSM897843,GSE36642,blood cord,-0.057534246575342465,M,test
GSM897844,GSE36642,blood cord,-0.057534246575342465,M,train
GSM897845,GSE36642,blood cord,-0.057534246575342465,F,train
GSM897846,GSE36642,blood cord,-0.057534246575342465,F,valid
GSM897847,GSE36642,blood cord,-0.07671232876712329,M,train
GSM897848,GSE36642,blood cord,-0.07671232876712329,M,train
GSM897849,GSE36642,blood cord,-0.057534246575342465,M,train
GSM897850,GSE36642,blood cord,-0.057534246575342465,M,train
GSM897851,GSE36642,blood cord,-0.057534246575342465,F,test
GSM897852,GSE36642,blood cord,-0.057534246575342465,M,train
GSM897853,GSE36642,blood cord,-0.038356164383561646,M,train
GSM897854,GSE36642,blood cord,-0.038356164383561646,M,train
GSM897855,GSE36642,blood cord,-0.038356164383561646,M,valid
GSM897856,GSE36642,blood cord,-0.038356164383561646,M,train
GSM897857,GSE36642,blood cord,-0.11506849315068493,M,train
GSM897858,GSE36642,blood cord,-0.11506849315068493,M,test
GSM897859,GSE36642,blood cord,-0.038356164383561646,M,train
GSM897860,GSE36642,blood cord,-0.038356164383561646,M,test
GSM897861,GSE36642,blood cord,-0.057534246575342465,F,train
GSM897862,GSE36642,blood cord,-0.057534246575342465,M,train
GSM897863,GSE36642,blood cord,-0.057534246575342465,M,train
GSM897864,GSE36642,blood cord,-0.11506849315068493,F,valid
GSM897865,GSE36642,blood cord,-0.11506849315068493,F,train
GSM897866,GSE36642,blood cord,-0.07671232876712329,F,train
GSM897867,GSE36642,blood cord,-0.07671232876712329,F,train
GSM897868,GSE36642,blood cord,-0.038356164383561646,F,test
GSM897869,GSE36642,blood cord,-0.038356164383561646,F,valid
GSM897870,GSE36642,blood cord,-0.038356164383561646,M,valid
GSM897871,GSE36642,blood cord,-0.038356164383561646,M,valid
GSM897872,GSE36642,blood cord,-0.0958904109589041,M,test
GSM897873,GSE36642,blood cord,-0.0958904109589041,M,test
GSM897874,GSE36642,blood cord,-0.07671232876712329,F,test
GSM897875,GSE36642,blood cord,-0.07671232876712329,F,train
GSM897876,GSE36642,blood cord,-0.11506849315068493,F,test
GSM897877,GSE36642,blood cord,-0.11506849315068493,F,test
GSM897878,GSE36642,blood cord,-0.038356164383561646,M,train
GSM897879,GSE36642,blood cord,-0.038356164383561646,M,test
GSM897880,GSE36642,blood cord,-0.038356164383561646,F,test
GSM897881,GSE36642,blood cord,-0.038356164383561646,F,train
GSM897882,GSE36642,blood cord,-0.057534246575342465,F,train
GSM897883,GSE36642,blood cord,-0.057534246575342465,M,test
GSM897884,GSE36642,blood cord,-0.11506849315068493,F,train
GSM897885,GSE36642,blood cord,-0.11506849315068493,F,test
GSM897886,GSE36642,blood cord,-0.15342465753424658,M,test
GSM897887,GSE36642,blood cord,-0.15342465753424658,M,test
GSM897888,GSE36642,blood cord,-0.07671232876712329,M,valid
GSM897889,GSE36642,blood cord,-0.07671232876712329,M,test
GSM897890,GSE36642,blood cord,-0.038356164383561646,F,train
GSM897891,GSE36642,blood cord,-0.038356164383561646,F,train
GSM897892,GSE36642,blood cord,-0.038356164383561646,M,test
GSM897893,GSE36642,blood cord,-0.038356164383561646,M,valid
GSM897894,GSE36642,blood cord,-0.11506849315068493,M,test
GSM897895,GSE36642,blood cord,-0.11506849315068493,F,test
GSM897896,GSE36642,blood cord,-0.057534246575342465,M,test
GSM897897,GSE36642,blood cord,-0.057534246575342465,M,test
GSM897898,GSE36642,blood cord,-0.057534246575342465,F,train
GSM897899,GSE36642,blood cord,-0.057534246575342465,F,test
GSM897900,GSE36642,blood cord,-0.07671232876712329,M,train
GSM897901,GSE36642,blood cord,-0.07671232876712329,M,valid
GSM897902,GSE36642,blood cord,-0.057534246575342465,M,train
GSM897903,GSE36642,blood cord,-0.057534246575342465,M,test
GSM897904,GSE36642,blood cord,-0.038356164383561646,M,valid
GSM897905,GSE36642,blood cord,-0.038356164383561646,M,train
GSM897906,GSE36642,blood cord,-0.038356164383561646,M,test
GSM897907,GSE36642,blood cord,-0.038356164383561646,M,train
GSM897908,GSE36642,blood cord,-0.11506849315068493,M,test
GSM897909,GSE36642,blood cord,-0.11506849315068493,M,train
GSM897910,GSE36642,blood cord,-0.057534246575342465,F,test
GSM897911,GSE36642,blood cord,-0.057534246575342465,M,train
GSM897912,GSE36642,blood cord,-0.11506849315068493,F,train
GSM897913,GSE36642,blood cord,-0.11506849315068493,F,train
GSM897914,GSE36642,blood cord,-0.07671232876712329,F,test
GSM897915,GSE36642,blood cord,-0.07671232876712329,F,test
GSM897916,GSE36642,blood cord,-0.038356164383561646,F,train
GSM897917,GSE36642,blood cord,-0.038356164383561646,F,valid
GSM897918,GSE36642,blood cord,-0.0958904109589041,M,test
GSM897919,GSE36642,blood cord,-0.0958904109589041,M,test
GSM897920,GSE36642,blood cord,-0.11506849315068493,F,train
GSM897921,GSE36642,blood cord,-0.11506849315068493,F,test
GSM897922,GSE36642,blood cord,-0.07671232876712329,F,train
GSM897923,GSE36642,blood cord,-0.07671232876712329,M,test
GSM897924,GSE36642,blood cord,-0.057534246575342465,F,test
GSM897925,GSE36642,blood cord,-0.057534246575342465,F,train
GSM897926,GSE36642,blood cord,-0.057534246575342465,F,test
GSM897927,GSE36642,blood cord,-0.057534246575342465,M,train
GSM897928,GSE36642,blood cord,-0.11506849315068493,F,train
GSM897929,GSE36642,blood cord,-0.11506849315068493,F,test
GSM897930,GSE36642,blood cord,-0.15342465753424658,M,test
GSM897931,GSE36642,blood cord,-0.15342465753424658,M,train
GSM897932,GSE36642,blood cord,-0.07671232876712329,M,train
GSM897933,GSE36642,blood cord,-0.07671232876712329,M,train
GSM897934,GSE36642,blood cord,-0.13424657534246576,F,train
GSM897935,GSE36642,blood cord,-0.13424657534246576,F,valid
GSM897936,GSE36642,placenta,-0.038356164383561646,M,train
GSM897937,GSE36642,placenta,-0.038356164383561646,M,train
GSM897938,GSE36642,placenta,-0.07671232876712329,F,test
GSM897939,GSE36642,placenta,-0.07671232876712329,F,test
GSM897940,GSE36642,placenta,-0.057534246575342465,F,test
GSM897941,GSE36642,placenta,-0.057534246575342465,M,test
GSM897942,GSE36642,placenta,-0.11506849315068493,F,valid
GSM897943,GSE36642,placenta,-0.11506849315068493,F,train
GSM897944,GSE36642,placenta,-0.15342465753424658,F,train
GSM897945,GSE36642,placenta,-0.15342465753424658,F,test
GSM897946,GSE36642,placenta,-0.07671232876712329,F,test
GSM897947,GSE36642,placenta,-0.07671232876712329,F,valid
GSM897948,GSE36642,placenta,-0.057534246575342465,F,train
GSM897949,GSE36642,placenta,-0.057534246575342465,F,test
GSM897950,GSE36642,placenta,-0.038356164383561646,F,train
GSM897951,GSE36642,placenta,-0.038356164383561646,F,train
GSM897952,GSE36642,placenta,-0.07671232876712329,F,test
GSM897953,GSE36642,placenta,-0.07671232876712329,M,train
GSM897954,GSE36642,placenta,-0.057534246575342465,F,test
GSM897955,GSE36642,placenta,-0.057534246575342465,F,test
GSM897956,GSE36642,placenta,-0.038356164383561646,F,train
GSM897957,GSE36642,placenta,-0.038356164383561646,F,test
GSM897958,GSE36642,placenta,-0.057534246575342465,F,train
GSM897959,GSE36642,placenta,-0.057534246575342465,M,valid
GSM897960,GSE36642,placenta,-0.07671232876712329,M,train
GSM897961,GSE36642,placenta,-0.07671232876712329,M,test
GSM897962,GSE36642,placenta,-0.038356164383561646,M,train
GSM897963,GSE36642,placenta,-0.038356164383561646,M,test
GSM902242,GSE36812,blood cord,-0.04391780821917807,,train
GSM902243,GSE36812,blood cord,-0.05484931506849314,,train
GSM902248,GSE36812,blood cord,-0.005561643835616422,,valid
GSM902250,GSE36812,blood cord,-0.002684931506849326,,train
GSM902251,GSE36812,blood cord,-0.010931506849315074,,train
GSM902253,GSE36812,blood cord,-0.03567123287671232,,train
GSM902256,GSE36812,blood cord,-0.021863013698630147,,train
GSM902257,GSE36812,blood cord,-0.005561643835616422,,valid
GSM902258,GSE36812,blood cord,-0.002684931506849326,,train
GSM902260,GSE36812,blood cord,-0.024739726027397244,,train
GSM902262,GSE36812,blood cord,-0.010931506849315074,,train
GSM902267,GSE36812,blood cord,-0.024739726027397244,,train
GSM902271,GSE36812,blood cord,-0.038356164383561646,,train
GSM902272,GSE36812,blood cord,-0.005561643835616422,,train
GSM902274,GSE36812,blood cord,-0.038356164383561646,,train
GSM902279,GSE36812,blood cord,-0.057534246575342465,,valid
GSM902283,GSE36812,blood cord,-0.010931506849315074,,valid
GSM902287,GSE36812,blood cord,-0.010931506849315074,,train
GSM902288,GSE36812,blood cord,-0.005561643835616422,,train
GSM908446,GSE37008,blood pbmc,26.0,F,train
GSM908456,GSE37008,blood pbmc,26.0,F,test
