epoch,train_loss,val_loss,val_mae,val_medae,val_r2,lr_pg3,lr_pg4,run
0,0.1424526870250702,0.13556577265262604,22.036190032958984,19.34375,0.010663509368896484,,,pretrained
1,0.12352386116981506,0.10521547496318817,17.618087768554688,16.75,0.3883954882621765,,,pretrained
2,0.08413916826248169,0.06416331231594086,11.524779319763184,8.934894561767578,0.6690817475318909,,,pretrained
3,0.06441166251897812,0.05196407437324524,9.632081985473633,6.71875,0.7409270405769348,,,pretrained
4,0.05768295004963875,0.04725862294435501,8.967976570129395,6.006000518798828,0.7701268196105957,,,pretrained
5,0.05434130132198334,0.0456467941403389,8.733932495117188,5.881000518798828,0.7879427671432495,,,pretrained
6,0.05276070535182953,0.043198730796575546,8.28594970703125,5.4375,0.7988776564598083,,,pretrained
7,0.051546860486269,0.043181080371141434,8.269922256469727,5.375,0.8050308227539062,,,pretrained
8,0.049844883382320404,0.041319720447063446,7.992544651031494,5.21875,0.8168069124221802,,,pretrained
9,0.04837149754166603,0.04292289912700653,8.2487211227417,5.53125,0.8103210926055908,,,pretrained
10,0.049148526042699814,0.04110381752252579,7.9310455322265625,5.53125,0.8202207088470459,,,pretrained
11,0.04691021889448166,0.040365103632211685,7.871397495269775,5.4237518310546875,0.8251603245735168,,,pretrained
12,0.04443911090493202,0.038862165063619614,7.628462791442871,5.15625,0.8311228156089783,,,pretrained
13,0.04331080615520477,0.0383567176759243,7.538947582244873,5.1796875,0.837455689907074,,,pretrained
14,0.041468728333711624,0.03622428700327873,7.222100257873535,4.852500915527344,0.847135066986084,,,pretrained
15,0.04137793183326721,0.038145098835229874,7.426146507263184,5.046875,0.8350325226783752,,,pretrained
16,0.03990933299064636,0.03497224673628807,6.977880954742432,4.589000701904297,0.8520467281341553,,,pretrained
17,0.04074709117412567,0.03502460941672325,6.925766944885254,4.609748840332031,0.8532052636146545,,,pretrained
18,0.039225440472364426,0.03348083049058914,6.739764213562012,4.487998962402344,0.8609732389450073,,,pretrained
19,0.0385519303381443,0.03369498997926712,6.769725322723389,4.5592498779296875,0.8586804270744324,,,pretrained
20,0.038618020713329315,0.03549987077713013,7.1142964363098145,4.8125,0.8505153059959412,,,pretrained
21,0.037505656480789185,0.03374756872653961,6.721972465515137,4.548427581787109,0.8609040379524231,,,pretrained
22,0.036922793835401535,0.03432155027985573,6.884634017944336,4.53125,0.8584620952606201,,,pretrained
23,0.03666400536894798,0.03305439278483391,6.672610282897949,4.5,0.8664558529853821,,,pretrained
24,0.0358198806643486,0.03183552622795105,6.424031734466553,4.2637481689453125,0.8707765936851501,,,pretrained
25,0.03525003418326378,0.035593729466199875,7.007198810577393,4.585426330566406,0.8493818044662476,,,pretrained
26,0.03473135083913803,0.032460618764162064,6.651587009429932,4.265625,0.8661397099494934,,,pretrained
27,0.035368412733078,0.03304686024785042,6.644426345825195,4.287250518798828,0.8646719455718994,,,pretrained
28,0.03437412157654762,0.03286167234182358,6.586133003234863,4.46875,0.8632723093032837,,,pretrained
29,0.03467045724391937,0.03635341674089432,7.308907508850098,4.84375,0.8482233285903931,,,pretrained
30,0.03417101129889488,0.0318424329161644,6.539226055145264,4.34375,0.8728430271148682,,,pretrained
31,0.0333365835249424,0.030936745926737785,6.338498592376709,4.253749847412109,0.87462317943573,,,pretrained
32,0.03256026282906532,0.031306102871894836,6.367108345031738,4.15625,0.8762534856796265,,,pretrained
33,0.03308078274130821,0.031485892832279205,6.413341045379639,4.0,0.8747515082359314,,,pretrained
34,0.032662276178598404,0.03147818148136139,6.388287544250488,4.199748992919922,0.8749484419822693,,,pretrained
35,0.03225294500589371,0.031154636293649673,6.442343711853027,4.265750885009766,0.8756498098373413,,,pretrained
36,0.03187165781855583,0.030725974589586258,6.289078712463379,4.125,0.8792370557785034,,,pretrained
37,0.03274070844054222,0.0318656750023365,6.489218235015869,4.28125,0.8747618198394775,,,pretrained
38,0.03177478909492493,0.03007897548377514,6.18093204498291,3.96875,0.8832101821899414,,,pretrained
39,0.03217504918575287,0.02961701899766922,6.16565465927124,4.03125,0.8858186602592468,,,pretrained
40,0.03157595917582512,0.03042891062796116,6.22335958480835,4.0625,0.8803194761276245,,,pretrained
41,0.03114367090165615,0.02948240004479885,6.074494361877441,3.9832763671875,0.8837406039237976,,,pretrained
42,0.03180776908993721,0.02925112470984459,6.030905246734619,4.03125,0.8857976794242859,,,pretrained
43,0.030413063243031502,0.03013486973941326,6.178191661834717,4.0078125,0.8810967803001404,,,pretrained
44,0.03048095293343067,0.029913850128650665,6.12494421005249,3.90625,0.8831489682197571,,,pretrained
45,0.030201958492398262,0.029202977195382118,6.04546594619751,3.984375,0.8867081999778748,,,pretrained
46,0.030175402760505676,0.029647134244441986,6.091414928436279,4.125,0.8854210376739502,,,pretrained
47,0.030229642987251282,0.029100706800818443,6.064393043518066,3.9107208251953125,0.884654700756073,,,pretrained
48,0.02976238541305065,0.029301386326551437,6.05083703994751,4.015625,0.8861095905303955,,,pretrained
49,0.029589813202619553,0.03152463212609291,6.380225658416748,4.09375,0.8740984201431274,,,pretrained
50,0.02998519130051136,0.029678640887141228,6.143046855926514,4.296875,0.886545717716217,,,pretrained
51,0.028874516487121582,0.029299059882760048,6.091928482055664,4.005001068115234,0.8862950205802917,,,pretrained
52,0.029574008658528328,0.028828199952840805,6.0393571853637695,3.8125,0.888957679271698,,,pretrained
53,0.029031869024038315,0.0285484679043293,5.925799369812012,3.8255233764648438,0.8904372453689575,,,pretrained
54,0.028965437784790993,0.03399214148521423,6.780040740966797,4.5,0.8630974292755127,,,pretrained
55,0.028611160814762115,0.029136624187231064,6.027092933654785,4.0625,0.8867613673210144,,,pretrained
56,0.028365233913064003,0.028745923191308975,6.002752304077148,3.875,0.890465259552002,,,pretrained
57,0.0285054761916399,0.028664635494351387,6.0257248878479,4.09375,0.8912608623504639,,,pretrained
58,0.027506111189723015,0.028428373858332634,5.891254901885986,3.78125,0.8908088803291321,,,pretrained
59,0.02807823196053505,0.02848071977496147,5.955117702484131,3.9375,0.8914127349853516,,,pretrained
60,0.02823820523917675,0.029509607702493668,6.0845770835876465,4.09375,0.8874624371528625,,,pretrained
61,0.027860527858138084,0.028366941958665848,5.911596298217773,4.0,0.8927946090698242,,,pretrained
62,0.027669910341501236,0.028111962601542473,5.891057014465332,4.0,0.8943040370941162,,,pretrained
63,0.027417881414294243,0.02796253375709057,5.868658065795898,4.09375,0.8954921960830688,,,pretrained
64,0.027166573330760002,0.028109710663557053,5.866749286651611,3.78125,0.8943019509315491,,,pretrained
65,0.027231061831116676,0.027665700763463974,5.7886247634887695,3.796875,0.8964672088623047,,,pretrained
66,0.027558494359254837,0.02794610895216465,5.838128566741943,3.9724998474121094,0.8951753973960876,,,pretrained
67,0.027357079088687897,0.027894871309399605,5.850154399871826,3.7970008850097656,0.8965018391609192,,,pretrained
68,0.0269644595682621,0.029658494517207146,6.100738048553467,4.03125,0.8868647217750549,,,pretrained
69,0.027392283082008362,0.028696978464722633,5.949151039123535,3.90625,0.8917902708053589,,,pretrained
70,0.026739493012428284,0.027877826243638992,5.8529887199401855,4.0390625,0.8961265087127686,,,pretrained
71,0.026754939928650856,0.0282434094697237,5.883769512176514,4.0,0.8954142332077026,,,pretrained
72,0.026774099096655846,0.027841737493872643,5.818500518798828,3.90625,0.896145224571228,,,pretrained
73,0.026144439354538918,0.028072873130440712,5.9038987159729,3.961456298828125,0.8953741788864136,,,pretrained
74,0.026948045939207077,0.02933846041560173,6.065811634063721,4.125,0.8893598318099976,,,pretrained
75,0.026517311111092567,0.02743828482925892,5.839698791503906,3.625,0.8977462649345398,,,pretrained
76,0.02582733705639839,0.02815919928252697,5.908077716827393,3.9375,0.8941441774368286,,,pretrained
77,0.02532721310853958,0.027969500049948692,5.8365325927734375,3.8125,0.895657479763031,,,pretrained
78,0.02560327760875225,0.027791842818260193,5.805324554443359,3.75,0.8947963714599609,,,pretrained
79,0.025834275409579277,0.0275562796741724,5.863205909729004,3.984375,0.897977888584137,,,pretrained
80,0.026036877185106277,0.02735164575278759,5.7689924240112305,3.8470001220703125,0.8989906311035156,,,pretrained
81,0.025795215740799904,0.027531789615750313,5.769606590270996,3.7729263305664062,0.897649884223938,,,pretrained
82,0.025592828169465065,0.02777799218893051,5.877232074737549,4.0,0.8967660665512085,,,pretrained
83,0.025161609053611755,0.02788621559739113,5.874821662902832,3.9375,0.8960965275764465,,,pretrained
84,0.024721000343561172,0.02823672816157341,5.897719383239746,3.84375,0.8927319049835205,,,pretrained
85,0.02504107728600502,0.027612363919615746,5.829541206359863,4.096466064453125,0.8973751068115234,,,pretrained
86,0.025243369862437248,0.026669858023524284,5.657482624053955,3.903644561767578,0.9016257524490356,,,pretrained
87,0.025277409702539444,0.027028100565075874,5.741784572601318,3.833984375,0.9001757502555847,,,pretrained
88,0.02507113106548786,0.027934273704886436,5.865410327911377,3.875,0.895108163356781,,,pretrained
89,0.024893399327993393,0.027467915788292885,5.7488555908203125,3.8470001220703125,0.8981021642684937,,,pretrained
90,0.02421944960951805,0.02733757719397545,5.769612789154053,3.8245010375976562,0.8993957042694092,,,pretrained
91,0.02450241893529892,0.026539238169789314,5.630677700042725,3.65625,0.9018099904060364,,,pretrained
92,0.024748364463448524,0.028445085510611534,5.920652866363525,4.0,0.8918792009353638,,,pretrained
93,0.024720748886466026,0.027574041858315468,5.7933831214904785,3.9375,0.8972111344337463,,,pretrained
94,0.024852899834513664,0.028246451169252396,5.905619144439697,4.130208969116211,0.8961105346679688,,,pretrained
95,0.02429358847439289,0.028472701087594032,6.008579254150391,4.0234375,0.8949007987976074,,,pretrained
96,0.023907514289021492,0.027466166764497757,5.813328266143799,3.9442367553710938,0.8994281888008118,,,pretrained
97,0.02407069131731987,0.02695191092789173,5.719052791595459,3.84375,0.9011403918266296,,,pretrained
98,0.02380981855094433,0.026789791882038116,5.660319805145264,3.875,0.9023674726486206,,,pretrained
99,0.023837735876441002,0.026774542406201363,5.715612888336182,3.828125,0.9027489423751831,,,pretrained
100,0.024104265496134758,0.02725186012685299,5.727232456207275,3.875,0.8992862701416016,,,pretrained
101,0.023600604385137558,0.02709454670548439,5.71890115737915,3.90625,0.8994996547698975,,,pretrained
102,0.024060769006609917,0.027309833094477654,5.764421463012695,3.9185028076171875,0.9005500078201294,,,pretrained
103,0.02381790801882744,0.027044689282774925,5.731773376464844,3.875,0.8997913599014282,,,pretrained
104,0.02339647151529789,0.027089301496744156,5.715649604797363,4.03125,0.9014119505882263,,,pretrained
105,0.023123038932681084,0.026633530855178833,5.61860466003418,3.71875,0.9031864404678345,,,pretrained
106,0.023787280544638634,0.026738781481981277,5.714198589324951,3.9237518310546875,0.9017037153244019,,,pretrained
107,0.02329406701028347,0.027460839599370956,5.7793450355529785,3.8125,0.8977041840553284,,,pretrained
108,0.022958215326070786,0.02640227973461151,5.645940780639648,3.706249237060547,0.9041757583618164,,,pretrained
109,0.02323068492114544,0.025997906923294067,5.583028793334961,3.6796875,0.9058318734169006,,,pretrained
110,0.02332598902285099,0.02672429569065571,5.6391282081604,3.6720008850097656,0.9014438986778259,,,pretrained
111,0.023305557668209076,0.027463113889098167,5.786349296569824,3.78125,0.8985153436660767,,,pretrained
112,0.023272771388292313,0.026041926816105843,5.588754177093506,3.846660614013672,0.9067080020904541,,,pretrained
113,0.022685451433062553,0.0275347251445055,5.792020797729492,3.798553466796875,0.8987179398536682,,,pretrained
114,0.023215921595692635,0.026604697108268738,5.629941463470459,3.671875,0.9022306203842163,,,pretrained
115,0.022730538621544838,0.026485642418265343,5.616354465484619,3.828125,0.9036935567855835,,,pretrained
116,0.023059850558638573,0.026839058846235275,5.704335689544678,3.796875,0.9007954597473145,,,pretrained
117,0.022602465003728867,0.026840034872293472,5.667509078979492,3.765625,0.9013589024543762,,,pretrained
118,0.022460998967289925,0.02636636793613434,5.636692047119141,3.9375,0.9046179056167603,,,pretrained
119,0.022660503163933754,0.026449119672179222,5.622084617614746,3.796875,0.904323935508728,,,pretrained
120,0.022583985701203346,0.026061445474624634,5.566893100738525,3.7109375,0.9055379033088684,,,pretrained
121,0.022173691540956497,0.026300447061657906,5.603002548217773,3.8125,0.904740571975708,,,pretrained
122,0.022355208173394203,0.026553845033049583,5.665775299072266,3.71875,0.9032666087150574,,,pretrained
123,0.022345619276165962,0.026335641741752625,5.569662570953369,3.7972488403320312,0.9037914276123047,,,pretrained
124,0.022154856473207474,0.02677689865231514,5.67373514175415,3.71875,0.9014668464660645,,,pretrained
125,0.02167998068034649,0.026684395968914032,5.676298141479492,3.78125,0.9033877849578857,,,pretrained
126,0.02200731821358204,0.027424843981862068,5.794598579406738,3.9375,0.9003483057022095,,,pretrained
127,0.022000480443239212,0.02614441327750683,5.568141937255859,3.5625,0.9048840999603271,,,pretrained
128,0.02188776805996895,0.02689415216445923,5.729839324951172,3.811748504638672,0.9036967158317566,,,pretrained
129,0.021899783983826637,0.02625899948179722,5.584799766540527,3.90625,0.9055720567703247,,,pretrained
130,0.021990656852722168,0.026166008785367012,5.585071086883545,3.8125,0.905924379825592,,,pretrained
131,0.021986987441778183,0.02576523832976818,5.486514568328857,3.734375,0.9069680571556091,,,pretrained
132,0.021732624620199203,0.02698448672890663,5.701246738433838,3.921875,0.9031067490577698,,,pretrained
133,0.021391091868281364,0.02682853490114212,5.682696342468262,3.9532508850097656,0.9033378958702087,,,pretrained
134,0.02171759493649006,0.026312343776226044,5.599318027496338,3.8125,0.904068112373352,,,pretrained
135,0.021536145359277725,0.026292724534869194,5.602952003479004,3.8133544921875,0.9044643640518188,,,pretrained
136,0.021600596606731415,0.025599297136068344,5.511335849761963,3.7900009155273438,0.9095250368118286,,,pretrained
137,0.02116166427731514,0.025455987080931664,5.4613471031188965,3.65625,0.9083676338195801,,,pretrained
138,0.021445682272315025,0.025959588587284088,5.5796380043029785,3.740234375,0.9065099954605103,,,pretrained
139,0.021210597828030586,0.02577635832130909,5.503633975982666,3.71875,0.9078090786933899,,,pretrained
140,0.021035505458712578,0.026089347898960114,5.559377670288086,3.6875,0.9061854481697083,,,pretrained
141,0.021037884056568146,0.025388173758983612,5.454160213470459,3.6370010375976562,0.9093970060348511,,,pretrained
142,0.021354075521230698,0.02706862986087799,5.709673881530762,3.8300018310546875,0.9024496078491211,,,pretrained
143,0.021095428615808487,0.025798384100198746,5.517139434814453,3.75,0.9078242182731628,,,pretrained
144,0.02124663256108761,0.025521500036120415,5.475558280944824,3.6370010375976562,0.9089648723602295,,,pretrained
145,0.021199416369199753,0.02637818455696106,5.624989986419678,3.765625,0.9017428755760193,,,pretrained
146,0.021269014105200768,0.02583956904709339,5.507240295410156,3.7787513732910156,0.907605767250061,,,pretrained
147,0.02105497382581234,0.026793217286467552,5.668361186981201,3.9375,0.9038255214691162,,,pretrained
148,0.02066648192703724,0.025687383487820625,5.487329483032227,3.6875,0.906455934047699,,,pretrained
149,0.02095188945531845,0.025832654908299446,5.5389204025268555,3.78125,0.9079065322875977,,,pretrained
150,0.020953858271241188,0.025831302627921104,5.504508018493652,3.756000518798828,0.9072906970977783,,,pretrained
151,0.020639613270759583,0.02610800787806511,5.602234363555908,3.75,0.9057422876358032,,,pretrained
152,0.020615454763174057,0.025613529607653618,5.473053455352783,3.736980438232422,0.9091750383377075,,,pretrained
153,0.020721539855003357,0.025893988087773323,5.5253376960754395,3.625,0.9064986705780029,,,pretrained
154,0.02058013156056404,0.02611483819782734,5.580023288726807,3.921875,0.9070827960968018,,,pretrained
155,0.02019457146525383,0.02669711969792843,5.646317481994629,3.7567367553710938,0.9040457010269165,,,pretrained
156,0.02043580263853073,0.025914249941706657,5.54432487487793,3.7675018310546875,0.9079278111457825,,,pretrained
157,0.02060786448419094,0.02693280577659607,5.6974382400512695,3.8125,0.9025673866271973,,,pretrained
158,0.02033526450395584,0.02660270780324936,5.629016876220703,3.71875,0.9045898914337158,,,pretrained
159,0.019762814044952393,0.02571159414947033,5.497412204742432,3.7375030517578125,0.9082840085029602,,,pretrained
160,0.020466908812522888,0.02594965323805809,5.575271129608154,3.8045005798339844,0.9080446362495422,,,pretrained
161,0.020155899226665497,0.02546808123588562,5.455090522766113,3.734375,0.9099005460739136,,,pretrained
162,0.02018887549638748,0.02569008804857731,5.510343551635742,3.888019561767578,0.908806562423706,,,pretrained
163,0.02012074552476406,0.02625085785984993,5.593672752380371,3.875,0.9072080850601196,,,pretrained
164,0.019858837127685547,0.025568129494786263,5.489614009857178,3.5712509155273438,0.9088460206985474,,,pretrained
165,0.020082462579011917,0.025706570595502853,5.493287086486816,3.7890625,0.9087375998497009,,,pretrained
166,0.019785532727837563,0.025951771065592766,5.534852981567383,3.84375,0.9078797101974487,,,pretrained
167,0.020090371370315552,0.025994403287768364,5.516450881958008,3.640625,0.9058248996734619,,,pretrained
168,0.019804898649454117,0.025752980262041092,5.5060272216796875,3.7270736694335938,0.9077876806259155,,,pretrained
169,0.019922157749533653,0.025942491367459297,5.516149997711182,3.625,0.9058122038841248,,,pretrained
170,0.01988605596125126,0.025968482717871666,5.5601701736450195,3.65625,0.907700777053833,,,pretrained
171,0.020097222179174423,0.025321103632450104,5.429477214813232,3.765625,0.9099543690681458,,,pretrained
172,0.019784605130553246,0.026421766728162766,5.624696731567383,3.671875,0.9020071029663086,,,pretrained
173,0.019156431779265404,0.025705279782414436,5.48969030380249,3.7102127075195312,0.9072495698928833,,,pretrained
174,0.019755534827709198,0.026172446087002754,5.587441444396973,3.84375,0.9062523245811462,,,pretrained
175,0.019456788897514343,0.025469733402132988,5.470708847045898,3.75,0.9098939895629883,,,pretrained
176,0.019807474687695503,0.025353552773594856,5.462831974029541,3.768749237060547,0.9101561307907104,,,pretrained
177,0.01950239948928356,0.025614546611905098,5.498535633087158,3.75,0.9097562432289124,,,pretrained
178,0.01950676739215851,0.02622898854315281,5.593129634857178,3.9136085510253906,0.904687225818634,,,pretrained
179,0.019885176792740822,0.025885405018925667,5.547183513641357,3.609375,0.9069730639457703,,,pretrained
180,0.0194237120449543,0.026059487834572792,5.544156551361084,3.75,0.9072504639625549,,,pretrained
181,0.019287792965769768,0.025357035920023918,5.4434661865234375,3.768230438232422,0.9107518792152405,,,pretrained
182,0.019338060170412064,0.025388766080141068,5.46270227432251,3.703125,0.9095603227615356,,,pretrained
183,0.019685376435518265,0.025404559448361397,5.449061393737793,3.75,0.9102015495300293,,,pretrained
184,0.01979617029428482,0.02597278170287609,5.544631481170654,3.75,0.9067761301994324,,,pretrained
185,0.019483044743537903,0.02556956186890602,5.455454349517822,3.6380233764648438,0.9089668989181519,,,pretrained
186,0.01930282451212406,0.025776762515306473,5.4975810050964355,3.669269561767578,0.9079417586326599,,,pretrained
187,0.019281720742583275,0.025536000728607178,5.450193405151367,3.703125,0.9088953733444214,,,pretrained
188,0.01923266425728798,0.02525489591062069,5.429481029510498,3.7475013732910156,0.9111349582672119,,,pretrained
189,0.01902766339480877,0.025858890265226364,5.532950401306152,3.833984375,0.9079071283340454,,,pretrained
190,0.018719447776675224,0.02543656714260578,5.462643146514893,3.84375,0.9094392657279968,,,pretrained
191,0.01943528838455677,0.025346767157316208,5.472311973571777,3.6313323974609375,0.9099305868148804,,,pretrained
192,0.019087690860033035,0.025729922577738762,5.499965190887451,3.740234375,0.9089383482933044,,,pretrained
193,0.019381728023290634,0.025911999866366386,5.527801513671875,3.734375,0.9084571003913879,,,pretrained
194,0.01881052926182747,0.025430504232645035,5.4541916847229,3.7388381958007812,0.910127580165863,,,pretrained
195,0.01899711973965168,0.02542533539235592,5.476784706115723,3.849750518798828,0.9099135398864746,,,pretrained
196,0.018299998715519905,0.02532549947500229,5.4400177001953125,3.75,0.91053307056427,,,pretrained
197,0.019109627231955528,0.025367164984345436,5.454872131347656,3.736980438232422,0.9103780388832092,,,pretrained
198,0.01903192326426506,0.025212379172444344,5.438868045806885,3.71875,0.9102609753608704,,,pretrained
199,0.01863677240908146,0.02579595148563385,5.511449337005615,3.6875,0.9084230065345764,,,pretrained
200,0.018340568989515305,0.026080647483468056,5.572192668914795,3.75,0.906231701374054,,,pretrained
201,0.018772410228848457,0.025584038347005844,5.4828596115112305,3.84375,0.9094759821891785,,,pretrained
202,0.018929895013570786,0.02545483596622944,5.4680256843566895,3.8282508850097656,0.9100476503372192,,,pretrained
203,0.019030313938856125,0.0257217139005661,5.514142990112305,3.8125,0.9086472988128662,,,pretrained
204,0.018961993977427483,0.02531903237104416,5.4460978507995605,3.78125,0.9100520014762878,,,pretrained
205,0.018543843179941177,0.025768715888261795,5.500503063201904,3.6875,0.9077186584472656,,,pretrained
206,0.01886053755879402,0.025739196687936783,5.500513076782227,3.728748321533203,0.908759593963623,,,pretrained
207,0.018621815368533134,0.025258783251047134,5.42519474029541,3.703125,0.9107905030250549,,,pretrained
208,0.018969397991895676,0.02551400102674961,5.48002290725708,3.78125,0.9089840054512024,,,pretrained
209,0.018852878361940384,0.02535919100046158,5.451783180236816,3.708984375,0.9098065495491028,,,pretrained
210,0.0184050090610981,0.025291135534644127,5.439822196960449,3.75,0.9102444648742676,,,pretrained
211,0.018454596400260925,0.025185758247971535,5.416563034057617,3.78125,0.9110019207000732,,,pretrained
212,0.018205957487225533,0.025301514193415642,5.454092979431152,3.71875,0.9096428155899048,,,pretrained
213,0.018511567264795303,0.02565247379243374,5.497782230377197,3.7787513732910156,0.9086391925811768,,,pretrained
214,0.01864800788462162,0.025458721444010735,5.467262268066406,3.78125,0.9092790484428406,,,pretrained
215,0.018469814211130142,0.025186283513903618,5.407674789428711,3.75,0.9109358787536621,,,pretrained
216,0.01836942322552204,0.025448651984333992,5.463795185089111,3.75,0.909795343875885,,,pretrained
217,0.01821179687976837,0.025558464229106903,5.478587627410889,3.625,0.9086257815361023,,,pretrained
218,0.01862283982336521,0.025734134018421173,5.508205413818359,3.703125,0.9085286855697632,,,pretrained
219,0.018335118889808655,0.0255389753729105,5.493625640869141,3.78125,0.9095562100410461,,,pretrained
220,0.018202712759375572,0.02531099133193493,5.445682048797607,3.78125,0.9102466702461243,,,pretrained
221,0.018832959234714508,0.025396542623639107,5.458131313323975,3.875,0.9101117849349976,,,pretrained
222,0.01849731244146824,0.025715498253703117,5.509761810302734,3.8076629638671875,0.9089596271514893,,,pretrained
223,0.018267260864377022,0.025531409308314323,5.482418060302734,3.78125,0.9094908237457275,,,pretrained
224,0.018131570890545845,0.025427324697375298,5.461819171905518,3.831249237060547,0.909909725189209,,,pretrained
225,0.018452154472470284,0.025456102564930916,5.454283237457275,3.8125,0.9101664423942566,,,pretrained
226,0.018304049968719482,0.025622738525271416,5.4953508377075195,3.7819976806640625,0.9092749357223511,,,pretrained
227,0.017982736229896545,0.02509414032101631,5.405462741851807,3.8100013732910156,0.9114463329315186,,,pretrained
228,0.018048886209726334,0.025350959971547127,5.440457344055176,3.842487335205078,0.9104905724525452,,,pretrained
229,0.018136681988835335,0.02513105235993862,5.41177225112915,3.8000717163085938,0.9111252427101135,,,pretrained
230,0.018032213672995567,0.02546597272157669,5.46743106842041,3.884624481201172,0.9097008109092712,,,pretrained
231,0.017781825736165047,0.025720439851284027,5.497374534606934,3.8125,0.908663272857666,,,pretrained
232,0.018351372331380844,0.025365054607391357,5.4528889656066895,3.71875,0.9099350571632385,,,pretrained
233,0.01811205968260765,0.025576209649443626,5.47361421585083,3.859375,0.9097340703010559,,,pretrained
234,0.018081795424222946,0.025406043976545334,5.450650215148926,3.8125,0.9100512266159058,,,pretrained
235,0.01839214563369751,0.025258472189307213,5.425890922546387,3.7345008850097656,0.9107757210731506,,,pretrained
236,0.01822560839354992,0.025204837322235107,5.440829277038574,3.59375,0.9107692241668701,,,pretrained
237,0.01813456043601036,0.025292519479990005,5.441791534423828,3.8125,0.9108773469924927,,,pretrained
238,0.01798873394727707,0.025348391383886337,5.436697959899902,3.75,0.9105422496795654,,,pretrained
239,0.018138675019145012,0.025459665805101395,5.46484899520874,3.78125,0.9100842475891113,,,pretrained
240,0.01811610721051693,0.02524285577237606,5.433194160461426,3.8125,0.9111529588699341,,,pretrained
241,0.017613016068935394,0.025146838277578354,5.417098045349121,3.825000762939453,0.9112334251403809,,,pretrained
242,0.01805298961699009,0.025174040347337723,5.420979022979736,3.8949356079101562,0.9112425446510315,,,pretrained
243,0.018125586211681366,0.025252725929021835,5.441102504730225,3.8715972900390625,0.9109663963317871,,,pretrained
244,0.017904454842209816,0.025301262736320496,5.440067291259766,3.8125,0.9108733534812927,,,pretrained
245,0.018124938011169434,0.025173965841531754,5.425451755523682,3.79425048828125,0.9113699793815613,,,pretrained
246,0.018124716356396675,0.02532912790775299,5.434382915496826,3.820751190185547,0.9104627370834351,,,pretrained
247,0.018016399815678596,0.02527840994298458,5.434390544891357,3.75,0.9106848835945129,,,pretrained
248,0.017738226801156998,0.02518901787698269,5.420609951019287,3.75,0.9110641479492188,,,pretrained
249,0.01830812729895115,0.025453466922044754,5.4677276611328125,3.90625,0.9099295139312744,,,pretrained
250,0.0179881788790226,0.025354918092489243,5.444332122802734,3.811237335205078,0.9103479981422424,,,pretrained
251,0.018015561625361443,0.02541249431669712,5.453536510467529,3.7970008850097656,0.9101235866546631,,,pretrained
252,0.01780250295996666,0.02526041306555271,5.426035404205322,3.7734375,0.9106649160385132,,,pretrained
253,0.01762549579143524,0.025343112647533417,5.447072505950928,3.8125,0.9106612801551819,,,pretrained
254,0.018118420615792274,0.02539747767150402,5.453749179840088,3.921875,0.9103959202766418,,,pretrained
255,0.017489725723862648,0.02536480315029621,5.447004795074463,3.84375,0.910441517829895,,,pretrained
256,0.017526065930724144,0.02537897787988186,5.449691295623779,3.84375,0.9105542898178101,,,pretrained
257,0.01771046221256256,0.025326931849122047,5.444223403930664,3.84375,0.9105276465415955,,,pretrained
258,0.017786988988518715,0.02543601766228676,5.4585041999816895,3.8125,0.9100361466407776,,,pretrained
259,0.017753293737769127,0.025210091844201088,5.422543048858643,3.8313217163085938,0.9110087156295776,,,pretrained
260,0.017949910834431648,0.025336023420095444,5.444930553436279,3.875,0.9104874730110168,,,pretrained
261,0.01776365377008915,0.025385146960616112,5.450084209442139,3.84375,0.9104502201080322,,,pretrained
262,0.017675848677754402,0.02539798617362976,5.457029342651367,3.8670005798339844,0.9103843569755554,,,pretrained
263,0.017827454954385757,0.025312144309282303,5.441459655761719,3.875,0.9109907746315002,,,pretrained
264,0.01743808202445507,0.025383470579981804,5.447135925292969,3.8125,0.9103372097015381,,,pretrained
265,0.017898058518767357,0.025545792654156685,5.471134662628174,3.8125,0.9097601175308228,,,pretrained
266,0.0177302286028862,0.02534024603664875,5.448222637176514,3.8511085510253906,0.9107615351676941,,,pretrained
267,0.017807597294449806,0.02537086233496666,5.449245452880859,3.84375,0.9105587601661682,,,pretrained
268,0.01779983565211296,0.025245426222682,5.4302263259887695,3.8384666442871094,0.9110426306724548,,,pretrained
269,0.017269324511289597,0.025193365290760994,5.42134428024292,3.861980438232422,0.9113109111785889,,,pretrained
270,0.017811214551329613,0.025209849700331688,5.423162937164307,3.84375,0.9112881422042847,,,pretrained
271,0.01757861115038395,0.025302959606051445,5.438426971435547,3.84375,0.9108276963233948,,,pretrained
272,0.017762811854481697,0.02524636685848236,5.429108619689941,3.8157501220703125,0.911009669303894,,,pretrained
273,0.01790641061961651,0.02526068687438965,5.429972171783447,3.8470001220703125,0.9108134508132935,,,pretrained
274,0.017526129260659218,0.02525704726576805,5.431453704833984,3.8125,0.9108710885047913,,,pretrained
275,0.01753305085003376,0.025250326842069626,5.434261798858643,3.830730438232422,0.910905122756958,,,pretrained
276,0.018102746456861496,0.02524854801595211,5.428188323974609,3.875,0.9110291600227356,,,pretrained
277,0.0179731547832489,0.025208840146660805,5.42318058013916,3.8125,0.9111365079879761,,,pretrained
278,0.017758935689926147,0.025272125378251076,5.432803153991699,3.8697166442871094,0.9108408689498901,,,pretrained
279,0.01751413755118847,0.025258980691432953,5.43156623840332,3.875,0.9109702110290527,,,pretrained
280,0.017438605427742004,0.0253023449331522,5.438661575317383,3.859375,0.9107606410980225,,,pretrained
281,0.01773574762046337,0.025303570553660393,5.438063621520996,3.8125,0.9107387661933899,,,pretrained
282,0.01755409687757492,0.025274472311139107,5.4345855712890625,3.875,0.9108841419219971,,,pretrained
283,0.017866574227809906,0.02523495815694332,5.42980432510376,3.875,0.9110915064811707,,,pretrained
284,0.01770068146288395,0.025231387466192245,5.428709983825684,3.9000015258789062,0.9111590385437012,,,pretrained
285,0.017994500696659088,0.02528916485607624,5.434983253479004,3.84375,0.9108787178993225,,,pretrained
286,0.01783386617898941,0.025287484750151634,5.433440208435059,3.90625,0.9109045267105103,,,pretrained
287,0.017859335988759995,0.025305310264229774,5.436483383178711,3.84375,0.9108415842056274,,,pretrained
288,0.01796925812959671,0.02535008080303669,5.445411205291748,3.8877487182617188,0.910544753074646,,,pretrained
289,0.017206301912665367,0.025363879278302193,5.445913314819336,3.8520736694335938,0.910493016242981,,,pretrained
290,0.01746419444680214,0.02530854195356369,5.439799785614014,3.875,0.9107042551040649,,,pretrained
291,0.017852330580353737,0.025325428694486618,5.4415388107299805,3.9036483764648438,0.9105836153030396,,,pretrained
292,0.017590153962373734,0.025288062170147896,5.436420917510986,3.84375,0.9107388257980347,,,pretrained
293,0.017804032191634178,0.02527950145304203,5.433983325958252,3.859375,0.9107682108879089,,,pretrained
294,0.017620805650949478,0.02526170015335083,5.431188583374023,3.8949356079101562,0.910864531993866,,,pretrained
295,0.0173543281853199,0.02528078481554985,5.434576511383057,3.9000015258789062,0.910830557346344,,,pretrained
296,0.017759811133146286,0.02528471313416958,5.434737682342529,3.875,0.9108177423477173,,,pretrained
297,0.017899971455335617,0.025322480127215385,5.43691349029541,3.849750518798828,0.9107344150543213,,,pretrained
298,0.017738904803991318,0.025336071848869324,5.4425530433654785,3.890625,0.9105756282806396,,,pretrained
299,0.017627034336328506,0.025314142927527428,5.438567161560059,3.9375,0.9107245206832886,,,pretrained
300,,,,,,,,pretrained
0,0.1449248492717743,0.1413579136133194,22.877126693725586,20.28125,-0.06094622611999512,,,random_init
1,0.1399066150188446,0.1399630308151245,22.6623592376709,19.0625,-0.07311892509460449,,,random_init
2,0.1383601725101471,0.13659721612930298,22.16694450378418,19.375,0.007061958312988281,,,random_init
3,0.13581542670726776,0.13122567534446716,21.380887985229492,18.981155395507812,0.05098062753677368,,,random_init
4,0.13223646581172943,0.12863494455814362,21.02536392211914,17.867000579833984,0.07966005802154541,,,random_init
5,0.12851835787296295,0.13023608922958374,21.25615692138672,18.484375,0.09853076934814453,,,random_init
6,0.12759558856487274,0.12835320830345154,20.974708557128906,16.0625,0.045846641063690186,,,random_init
7,0.12695054709911346,0.12683483958244324,20.749534606933594,16.96875,0.08818203210830688,,,random_init
8,0.12624016404151917,0.12871980667114258,21.0466251373291,19.40625,0.13548016548156738,,,random_init
9,0.1254398226737976,0.12474800646305084,20.446874618530273,16.96875,0.10367929935455322,,,random_init
10,0.12544453144073486,0.12483888119459152,20.46393585205078,17.375,0.12971198558807373,,,random_init
11,0.12428636848926544,0.12386657297611237,20.331235885620117,18.15625,0.15301436185836792,,,random_init
12,0.1239587739109993,0.12301571667194366,20.204940795898438,17.53125,0.14567577838897705,,,random_init
13,0.1236102432012558,0.12261612713336945,20.156522750854492,17.5,0.154923677444458,,,random_init
14,0.1234622448682785,0.12192025780677795,19.996463775634766,15.25,0.0999634861946106,,,random_init
15,0.12159859389066696,0.1279512345790863,20.858882904052734,15.21875,-0.03471946716308594,,,random_init
16,0.12052051723003387,0.11523047089576721,19.01215362548828,15.4375,0.1939355731010437,,,random_init
17,0.11702804267406464,0.11323916167020798,18.776334762573242,13.810619354248047,0.1735021471977234,,,random_init
18,0.11632072925567627,0.11007384955883026,18.22688102722168,13.525249481201172,0.19899457693099976,,,random_init
19,0.11283927410840988,0.11028923839330673,18.286052703857422,12.9375,0.17422133684158325,,,random_init
20,0.11287841945886612,0.11001035571098328,18.161884307861328,13.0,0.15872782468795776,,,random_init
21,0.11100834608078003,0.1114073246717453,18.415054321289062,12.625,0.1369469165802002,,,random_init
22,0.10958976298570633,0.10536544024944305,17.551979064941406,12.506118774414062,0.2356528639793396,,,random_init
23,0.1090056449174881,0.10603130608797073,17.589080810546875,12.395088195800781,0.22052747011184692,,,random_init
24,0.10944938659667969,0.10573061555624008,17.520998001098633,12.486160278320312,0.20274382829666138,,,random_init
25,0.10822780430316925,0.1171647384762764,19.26103401184082,12.864749908447266,0.029942691326141357,,,random_init
26,0.10840906202793121,0.10407862812280655,17.338592529296875,12.59375,0.2342206835746765,,,random_init
27,0.1070936992764473,0.1011814996600151,16.899898529052734,13.036788940429688,0.2894226312637329,,,random_init
28,0.10696336627006531,0.10289616137742996,17.160966873168945,12.801185607910156,0.24941253662109375,,,random_init
29,0.10573484748601913,0.1069650799036026,17.726192474365234,11.9375,0.17203360795974731,,,random_init
30,0.10669364035129547,0.11198006570339203,18.485509872436523,12.875,0.15455710887908936,,,random_init
31,0.10584837198257446,0.10488440841436386,17.46308135986328,12.15625,0.2273666262626648,,,random_init
32,0.10597699880599976,0.10558125376701355,17.524822235107422,12.40625,0.19708412885665894,,,random_init
33,0.10391217470169067,0.11247390508651733,18.54560661315918,12.15625,0.08280599117279053,,,random_init
34,0.10348144173622131,0.1037040427327156,17.288360595703125,11.84375,0.20823734998703003,,,random_init
35,0.10271532088518143,0.10566996037960052,17.582778930664062,12.457435607910156,0.19282376766204834,,,random_init
36,0.10302530229091644,0.11204380542039871,18.487932205200195,13.34375,0.108470618724823,,,random_init
37,0.10381071269512177,0.10618136823177338,17.63465118408203,12.204910278320312,0.18002641201019287,,,random_init
38,0.10203789919614792,0.10371384769678116,17.319368362426758,11.71875,0.20779085159301758,,,random_init
39,0.10092699527740479,0.10317488759756088,17.147199630737305,11.724750518798828,0.21184372901916504,,,random_init
40,0.10142470896244049,0.09965278953313828,16.75331687927246,11.756332397460938,0.2905448079109192,,,random_init
41,0.1006794273853302,0.10130184888839722,16.90918731689453,11.775238037109375,0.25525951385498047,,,random_init
42,,,,,,,,random_init
