epoch,valid_r2,valid_mae,valid_medae,valid_rmse,test_r2,test_mae,test_medae,test_rmse
0,-0.0012156963348388672,23.054615020751953,21.799663543701172,27.093475341796875,0.017164647579193115,21.86812973022461,19.34856414794922,25.891483306884766
1,0.2083491086959839,20.5438232421875,19.152429580688477,24.091716766357422,0.18113213777542114,20.11056137084961,18.168766021728516,23.633251190185547
2,0.6513941287994385,12.242890357971191,8.303228378295898,15.987048149108887,0.6957011222839355,11.242311477661133,8.395393371582031,14.406773567199707
3,0.6837260127067566,10.819633483886719,7.237269878387451,15.227642059326172,0.6595442891120911,11.299295425415039,8.348262786865234,15.238662719726562
4,0.7631058692932129,9.19238567352295,5.711977005004883,13.178866386413574,0.773398756980896,8.891706466674805,5.849738121032715,12.432191848754883
5,0.7895177602767944,8.617789268493652,5.339529037475586,12.422490119934082,0.7896777391433716,8.568148612976074,5.74009895324707,11.977307319641113
6,0.803734540939331,8.38827133178711,5.715448379516602,11.995624542236328,0.805071234703064,8.030540466308594,5.173229217529297,11.530670166015625
7,0.8150771856307983,8.089214324951172,5.565046310424805,11.643838882446289,0.8097379207611084,7.867108345031738,5.039588928222656,11.39180850982666
8,0.8356923460960388,7.632558822631836,5.1471357345581055,10.975639343261719,0.8197432160377502,7.706500053405762,5.050817489624023,11.088233947753906
9,0.8231745362281799,7.799566745758057,5.428617477416992,11.386054992675781,0.8021064400672913,8.159419059753418,5.630092620849609,11.618025779724121
10,0.8146884441375732,8.050042152404785,5.711977005004883,11.6560697555542,0.7731395959854126,8.884839057922363,6.527763366699219,12.439299583435059
11,0.8415513634681702,7.360953330993652,4.933421611785889,10.778173446655273,0.8099252581596375,8.092863082885742,5.799833297729492,11.386198997497559
12,0.8473740220069885,7.442537307739258,5.292025566101074,10.578282356262207,0.8430454730987549,7.2351579666137695,5.064421653747559,10.3467378616333
13,0.8713831901550293,6.666642665863037,4.665763854980469,9.71068286895752,0.8573435544967651,6.79780387878418,4.688959121704102,9.864208221435547
14,0.8820037245750427,6.260395050048828,4.106651782989502,9.301115036010742,0.8611123561859131,6.638798713684082,4.451622009277344,9.733036994934082
15,0.8780310750007629,6.395367622375488,4.3602294921875,9.456393241882324,0.8688377141952515,6.57621955871582,4.438077926635742,9.458473205566406
16,0.8757430911064148,6.562533378601074,4.693264961242676,9.544675827026367,0.8491843938827515,7.111250877380371,5.080131530761719,10.142375946044922
17,0.858038067817688,7.060621738433838,5.235894203186035,10.202034950256348,0.8471196889877319,7.073610782623291,4.728645324707031,10.211565017700195
18,0.8816890716552734,6.342875957489014,4.301268577575684,9.313508987426758,0.8634055256843567,6.7099528312683105,4.8855438232421875,9.652351379394531
19,0.8919069170951843,5.97515344619751,4.019554138183594,8.902251243591309,0.866680920124054,6.479381561279297,4.4538726806640625,9.535921096801758
20,0.8569309115409851,6.918107032775879,4.698785781860352,10.241740226745605,0.8401248455047607,7.236180782318115,5.155801773071289,10.442561149597168
21,0.8639249205589294,6.774490833282471,4.482183456420898,9.988268852233887,0.8586283922195435,6.697180271148682,4.573277473449707,9.819686889648438
22,0.9003516435623169,5.778710842132568,3.810732841491699,8.547438621520996,0.8834846615791321,6.134089469909668,4.201240539550781,8.914727210998535
23,0.9042702913284302,5.703071117401123,3.963165283203125,8.377689361572266,0.884483814239502,6.111267566680908,4.259084701538086,8.876423835754395
24,0.8998017311096191,5.867490768432617,4.379406929016113,8.570991516113281,0.8834450840950012,6.111815452575684,4.146814346313477,8.916242599487305
25,0.8757023215293884,6.649346828460693,4.701581001281738,9.546241760253906,0.860661506652832,6.7505784034729,4.770750045776367,9.748820304870605
26,0.9053168296813965,5.548374176025391,3.614412307739258,8.331771850585938,0.8796499967575073,6.206246852874756,4.259577751159668,9.0602388381958
27,0.8881319761276245,6.308328628540039,4.623528957366943,9.056364059448242,0.8646947741508484,6.657392978668213,4.886357307434082,9.606691360473633
28,0.8963793516159058,6.101254940032959,4.390281677246094,8.71613597869873,0.8780293464660645,6.561398029327393,5.016025543212891,9.121037483215332
29,0.903770387172699,5.589033603668213,3.555299758911133,8.3995361328125,0.8843104243278503,6.10053825378418,4.251150131225586,8.883082389831543
30,0.9083595275878906,5.376831531524658,3.3593578338623047,8.19680404663086,0.8872514367103577,6.0273566246032715,4.235572814941406,8.76944351196289
31,0.9097750782966614,5.474833011627197,3.5120115280151367,8.13325023651123,0.8906807899475098,5.973695755004883,4.149701118469238,8.635049819946289
32,0.9101075530052185,5.412359237670898,3.5094175338745117,8.118250846862793,0.8902378678321838,5.894071578979492,4.092466354370117,8.6525239944458
33,0.8992626667022705,5.885923385620117,3.8940539360046387,8.594016075134277,0.8689779043197632,6.622864723205566,4.722970962524414,9.453417778015137
34,0.8913276195526123,6.166377067565918,4.25547981262207,8.926074028015137,0.84917813539505,7.307347297668457,5.629083633422852,10.142586708068848
35,0.9028258919715881,5.790176868438721,4.009349822998047,8.440655708312988,0.878293514251709,6.313958644866943,4.520928859710693,9.111154556274414
36,0.9038494229316711,5.681756496429443,3.9129905700683594,8.396084785461426,0.8924875855445862,5.8790812492370605,4.250679016113281,8.563392639160156
37,0.914368748664856,5.331181049346924,3.5002622604370117,7.923498630523682,0.891402006149292,5.946718215942383,4.11383581161499,8.606515884399414
38,0.9150276780128479,5.303654670715332,3.6259326934814453,7.892956256866455,0.8954431414604187,5.765679359436035,3.9771013259887695,8.444867134094238
39,0.9061962962150574,5.636715888977051,3.663680076599121,8.292984962463379,0.8910831809043884,6.0167436599731445,4.316463470458984,8.619142532348633
40,0.9109700322151184,5.521204471588135,3.8827409744262695,8.079211235046387,0.88866126537323,5.998472213745117,4.10859489440918,8.71444320678711
41,0.9168483018875122,5.259224891662598,3.543774127960205,7.807938575744629,0.8987194299697876,5.688241481781006,3.8970603942871094,8.311503410339355
42,0.9106707572937012,5.531209468841553,3.839488983154297,8.092781066894531,0.8891895413398743,5.921334743499756,4.00604248046875,8.693745613098145
43,0.8991786241531372,5.882187366485596,4.072299003601074,8.597600936889648,0.8772391676902771,6.285608291625977,4.272403717041016,9.150533676147461
44,0.9081348776817322,5.713271617889404,4.0517120361328125,8.206846237182617,0.8904767036437988,5.968269348144531,4.340070724487305,8.643104553222656
45,0.9111515283584595,5.5085248947143555,3.799030303955078,8.070971488952637,0.8876051902770996,6.051557540893555,4.275274276733398,8.755675315856934
46,0.9160235524177551,5.245398998260498,3.5563178062438965,7.846566200256348,0.8935224413871765,5.862428188323975,4.033502578735352,8.522079467773438
47,0.9110915660858154,5.455164432525635,3.6524276733398438,8.07369613647461,0.8897611498832703,5.853608131408691,3.955120086669922,8.671293258666992
48,0.9151909351348877,5.373312473297119,3.6670141220092773,7.885370254516602,0.892402708530426,5.883029937744141,3.9627323150634766,8.566771507263184
49,0.9183838367462158,5.189396381378174,3.4517879486083984,7.735509395599365,0.8937399983406067,5.860204696655273,4.04168701171875,8.5133695602417
50,0.9085149168968201,5.595589637756348,3.8118457794189453,8.189852714538574,0.8760407567024231,6.566567420959473,4.969547271728516,9.195090293884277
51,0.9193713068962097,5.2237229347229,3.5427112579345703,7.688571929931641,0.8948124647140503,5.778755187988281,3.9880409240722656,8.470298767089844
52,0.9159239530563354,5.362270832061768,3.630838394165039,7.851219177246094,0.8920785784721375,5.826722621917725,4.055839538574219,8.579666137695312
53,0.9082629680633545,5.577398777008057,3.9355125427246094,8.201122283935547,0.8762474656105042,6.5465006828308105,4.957437515258789,9.187419891357422
54,0.9224703907966614,5.037256240844727,3.2675209045410156,7.539364814758301,0.9020969867706299,5.579123020172119,3.826059341430664,8.17173957824707
55,0.9101528525352478,5.587451457977295,4.025667190551758,8.116207122802734,0.8881634473800659,6.006280899047852,4.23785400390625,8.733903884887695
56,0.9137483835220337,5.338485240936279,3.503541946411133,7.9521484375,0.8945766091346741,5.798061847686768,4.023031234741211,8.479789733886719
57,0.9202169179916382,5.144813537597656,3.462580680847168,7.648149490356445,0.9001928567886353,5.554293632507324,3.700516700744629,8.250825881958008
58,0.9156749844551086,5.278639316558838,3.503124237060547,7.862833499908447,0.8973249793052673,5.768787860870361,4.115800857543945,8.368525505065918
59,0.9180351495742798,5.271543502807617,3.6205930709838867,7.752016544342041,0.9014818668365479,5.638119697570801,4.01307487487793,8.197371482849121
60,0.9188326597213745,5.230077743530273,3.664274215698242,7.714211463928223,0.9027225375175476,5.496493816375732,3.650472640991211,8.14559268951416
61,0.9188474416732788,5.145078659057617,3.4849157333374023,7.713510036468506,0.8994033336639404,5.633697509765625,3.976865768432617,8.283393859863281
62,0.9219003915786743,5.067676067352295,3.347005844116211,7.567028045654297,0.8965387344360352,5.7419657707214355,4.093095779418945,8.400506019592285
63,0.9147045612335205,5.443709850311279,3.6649255752563477,7.907946586608887,0.897307813167572,5.674983501434326,3.9105710983276367,8.36922550201416
64,0.9168100357055664,5.291207313537598,3.7295429706573486,7.809736728668213,0.8988422751426697,5.621046543121338,3.8229525089263916,8.306462287902832
65,0.9192577004432678,5.2708024978637695,3.64105224609375,7.693986892700195,0.8893136978149414,6.054825305938721,4.44090461730957,8.688874244689941
66,0.9149690270423889,5.339396953582764,3.656491756439209,7.895678520202637,0.8881475925445557,5.963494300842285,4.192289352416992,8.73452377319336
67,0.9082890152931213,5.570996284484863,3.734172821044922,8.199956893920898,0.8898417353630066,5.910271167755127,4.063163757324219,8.668124198913574
68,0.9215040802955627,5.061054229736328,3.5393800735473633,7.586203575134277,0.9033898115158081,5.501943588256836,3.668384552001953,8.117608070373535
69,0.9113583564758301,5.4592180252075195,3.7494277954101562,8.061573028564453,0.8925319910049438,5.84614896774292,4.196073532104492,8.561624526977539
70,0.9188940525054932,5.252989292144775,3.4715499877929688,7.7112932205200195,0.9011075496673584,5.597778797149658,3.9456539154052734,8.212929725646973
71,0.9197245836257935,5.267213821411133,3.8769519329071045,7.671710014343262,0.8974477052688599,5.704805374145508,4.014244079589844,8.363521575927734
72,0.9032825231552124,5.701502799987793,3.801443099975586,8.420802116394043,0.8646847009658813,6.690606594085693,4.813777923583984,9.607048988342285
73,0.9191308617591858,5.2897772789001465,3.6412620544433594,7.700028419494629,0.8889925479888916,6.055637836456299,4.351343154907227,8.701468467712402
74,0.9123911261558533,5.543091297149658,3.8117687702178955,8.014472961425781,0.8969631791114807,5.762449264526367,4.223844528198242,8.383255958557129
75,0.9199206233024597,5.0864715576171875,3.2713565826416016,7.6623358726501465,0.8989300727844238,5.693301677703857,4.010876655578613,8.302854537963867
76,0.9251819252967834,4.91901159286499,3.189178466796875,7.406350135803223,0.902187705039978,5.512563228607178,3.7186431884765625,8.167954444885254
77,0.9200195074081421,5.084466457366943,3.306931495666504,7.657604217529297,0.900856077671051,5.607254505157471,3.9167251586914062,8.223365783691406
78,0.9153830409049988,5.480228900909424,3.9831013679504395,7.876433372497559,0.893036961555481,5.949217796325684,4.422601699829102,8.541484832763672
79,0.9157763123512268,5.4719319343566895,3.9218273162841797,7.858107566833496,0.8959355354309082,5.814790725708008,4.088576316833496,8.424958229064941
80,0.9230402112007141,5.002469062805176,3.297607421875,7.5116071701049805,0.9027929306030273,5.4688401222229,3.7705860137939453,8.142644882202148
81,0.9193218350410461,5.331948280334473,3.932903289794922,7.690931797027588,0.9023923277854919,5.678157329559326,4.198009490966797,8.159406661987305
82,0.9211217164993286,5.103822708129883,3.4517879486083984,7.604658126831055,0.9004928469657898,5.543581485748291,3.821920394897461,8.238414764404297
83,0.9117889404296875,5.319589138031006,3.5896291732788086,8.041971206665039,0.8958871364593506,5.65875768661499,3.6692237854003906,8.426918983459473
84,0.9204267859458923,5.133421421051025,3.399280548095703,7.638083457946777,0.8927220702171326,5.854129791259766,4.017253875732422,8.554049491882324
85,0.9173732995986938,5.282527446746826,3.538585662841797,7.783252239227295,0.8975067138671875,5.669173717498779,3.8632545471191406,8.361116409301758
86,0.922809362411499,5.090255260467529,3.4704151153564453,7.522864818572998,0.9029752016067505,5.48632287979126,3.71356201171875,8.135007858276367
87,0.9187648296356201,5.221744060516357,3.6688899993896484,7.717432975769043,0.8976141214370728,5.680408000946045,4.000380516052246,8.356735229492188
88,0.8963243961334229,5.812612056732178,3.665472984313965,8.718448638916016,0.8828551173210144,6.084786891937256,4.253484725952148,8.938779830932617
89,0.9209601879119873,5.140749454498291,3.2806262969970703,7.61244010925293,0.8961012363433838,5.747291564941406,3.930356979370117,8.41824722290039
90,0.9158895611763,5.319028854370117,3.7244579792022705,7.852823257446289,0.899644672870636,5.599579811096191,3.8851985931396484,8.273452758789062
91,0.9200507402420044,5.1496758460998535,3.4703311920166016,7.6561079025268555,0.899215579032898,5.743852138519287,4.157833099365234,8.291122436523438
92,0.9221484065055847,5.15920877456665,3.475560188293457,7.555002212524414,0.9037903547286987,5.540174961090088,3.9500370025634766,8.100760459899902
93,0.8634927272796631,7.119649887084961,5.233935832977295,10.004118919372559,0.8197659850120544,8.118916511535645,6.494916915893555,11.087532997131348
94,0.9106656312942505,5.487671375274658,3.8585915565490723,8.093010902404785,0.8899974822998047,5.835831165313721,3.974355697631836,8.661993980407715
95,0.9152777791023254,5.4507575035095215,3.974249839782715,7.881330490112305,0.8967662453651428,5.798260688781738,4.0855865478515625,8.391263961791992
96,0.9199053049087524,5.2150139808654785,3.5779647827148438,7.6630706787109375,0.9031224250793457,5.52217960357666,3.8636226654052734,8.128833770751953
97,0.9235755205154419,5.076009273529053,3.5826568603515625,7.485435962677002,0.8990132212638855,5.577857494354248,3.8304882049560547,8.299439430236816
98,0.9216839671134949,5.132732391357422,3.4914817810058594,7.577505588531494,0.9039978384971619,5.457273006439209,3.643178939819336,8.092021942138672
99,0.9202948212623596,5.211337089538574,3.7312278747558594,7.644413471221924,0.8998350501060486,5.602327823638916,3.887451171875,8.265602111816406
100,0.9116328358650208,5.629126071929932,4.133457183837891,8.049081802368164,0.8942731022834778,5.852968215942383,4.222780704498291,8.491986274719238
101,0.9155670404434204,5.374502182006836,3.927093505859375,7.867866039276123,0.8951540589332581,5.726983547210693,3.9706249237060547,8.456533432006836
102,0.9206193089485168,5.07741117477417,3.3390331268310547,7.628836631774902,0.8957645893096924,5.74827241897583,4.059462547302246,8.431875228881836
103,0.9252123832702637,5.045682430267334,3.465341567993164,7.404842853546143,0.9072611927986145,5.398433208465576,3.7013282775878906,7.953299522399902
104,0.924686849117279,5.081966876983643,3.4907073974609375,7.430811405181885,0.9029549956321716,5.548585414886475,3.8454208374023438,8.13585376739502
105,0.923844039440155,5.064988613128662,3.34415340423584,7.472275257110596,0.9031793475151062,5.5472025871276855,3.888115882873535,8.126444816589355
106,0.9152262210845947,5.264764308929443,3.5445871353149414,7.88372802734375,0.8905462622642517,5.843717575073242,3.8597726821899414,8.640358924865723
107,0.9148811101913452,5.486729621887207,3.8924503326416016,7.8997602462768555,0.8989041447639465,5.676349639892578,3.9154834747314453,8.303922653198242
108,0.9120029807090759,5.659694194793701,4.2057952880859375,8.032205581665039,0.8925325870513916,6.012210369110107,4.414492607116699,8.561599731445312
109,0.9266100525856018,4.982257843017578,3.4606246948242188,7.335321426391602,0.9066606760025024,5.445896625518799,3.9089717864990234,7.979007720947266
110,0.9186527729034424,5.222760200500488,3.475497245788574,7.7227559089660645,0.9029412865638733,5.555337905883789,4.024587631225586,8.136428833007812
111,0.9245650768280029,4.988285541534424,3.368379831314087,7.436817169189453,0.9013628363609314,5.4872212409973145,3.710468292236328,8.202322959899902
112,0.9158902168273926,5.485681056976318,4.011230945587158,7.852794170379639,0.8946660757064819,5.812293529510498,4.108049392700195,8.476190567016602
113,0.9181503653526306,5.2384490966796875,3.7317676544189453,7.746565818786621,0.8984396457672119,5.641617298126221,3.8675994873046875,8.322975158691406
114,0.9212189316749573,5.076704978942871,3.312403917312622,7.599969387054443,0.900367796421051,5.525477886199951,3.6931838989257812,8.243590354919434
115,0.9227285981178284,5.091884613037109,3.369013786315918,7.526798725128174,0.8961631059646606,5.60552453994751,3.6936445236206055,8.415740966796875
116,0.9166024327278137,5.43772554397583,4.084259033203125,7.819473743438721,0.8852907419204712,6.083597660064697,4.323814392089844,8.845366477966309
117,0.9257287979125977,4.93505334854126,3.282731056213379,7.379230976104736,0.9053893685340881,5.504725933074951,3.933157444000244,8.033162117004395
118,0.9241153001785278,5.051389694213867,3.437352180480957,7.458957195281982,0.9071512818336487,5.3379621505737305,3.550739288330078,7.958010673522949
119,0.907406747341156,5.5678391456604,3.725663185119629,8.239303588867188,0.9003170132637024,5.608815670013428,3.8914527893066406,8.24569034576416
120,0.9184380769729614,5.3630690574646,3.8310279846191406,7.732939720153809,0.9023021459579468,5.523172855377197,3.853282928466797,8.16317367553711
121,0.8983052372932434,5.930849075317383,4.098865509033203,8.634759902954102,0.8945717215538025,5.823922634124756,4.2414093017578125,8.479986190795898
122,0.9150567054748535,5.333866119384766,3.4942073822021484,7.891605377197266,0.8995090126991272,5.598132610321045,3.916088104248047,8.27904224395752
123,0.8946518898010254,5.9870147705078125,4.0301513671875,8.78848934173584,0.859171450138092,6.857189655303955,5.077789306640625,9.800808906555176
124,0.9194204211235046,5.16029167175293,3.517446279525757,7.686229228973389,0.9022608995437622,5.499601364135742,3.788278579711914,8.164896965026855
125,0.9180976152420044,5.287337303161621,3.750189781188965,7.749061584472656,0.9029439091682434,5.548973560333252,3.9089488983154297,8.13631820678711
126,0.9024242162704468,5.974587440490723,4.177890777587891,8.458083152770996,0.8585660457611084,7.079230308532715,5.537336349487305,9.82185173034668
127,0.9159775376319885,5.437447547912598,3.9205703735351562,7.848716735839844,0.9032939672470093,5.5189385414123535,3.8151512145996094,8.121631622314453
128,0.9138625860214233,5.505124568939209,3.919313430786133,7.946882247924805,0.8865227103233337,6.181236743927002,4.479103088378906,8.797739028930664
129,0.9167255759239197,5.410147190093994,3.9497451782226562,7.813701152801514,0.8888385891914368,6.09043550491333,4.473697662353516,8.707501411437988
130,0.9226087331771851,5.196403503417969,3.720954418182373,7.532633304595947,0.8989711999893188,5.696541786193848,4.095075607299805,8.301167488098145
131,0.922821044921875,5.160865306854248,3.5697174072265625,7.522294521331787,0.8991941213607788,5.596492290496826,3.8612594604492188,8.292004585266113
132,0.9239135384559631,4.999055862426758,3.325235366821289,7.468865394592285,0.9045572876930237,5.423640251159668,3.618175506591797,8.068408966064453
133,0.9207281470298767,5.220536231994629,3.601675033569336,7.623604774475098,0.8999892473220825,5.613083839416504,3.8934097290039062,8.259235382080078
134,0.9176624417304993,5.334790229797363,3.7878990173339844,7.769623279571533,0.8956576585769653,5.838903427124023,4.224565505981445,8.436200141906738
135,0.9260284304618835,4.924585819244385,3.332275390625,7.36433219909668,0.8998706936836243,5.576704025268555,3.7346653938293457,8.264129638671875
136,0.9154410362243652,5.401064872741699,3.802610397338867,7.873733043670654,0.9005832672119141,5.607077121734619,3.904177665710449,8.234671592712402
137,0.9124475121498108,5.448268890380859,3.793638229370117,8.011893272399902,0.8957207798957825,5.775158405303955,4.198265075683594,8.433648109436035
138,0.9064498543739319,5.5878400802612305,3.7634620666503906,8.281769752502441,0.8924124240875244,5.722792148590088,3.7085533142089844,8.566386222839355
139,0.915488600730896,5.3068461418151855,3.4946250915527344,7.871520042419434,0.8978558778762817,5.622308254241943,3.6728057861328125,8.34686279296875
140,0.9157205820083618,5.327110290527344,3.5630874633789062,7.860706806182861,0.8976981043815613,5.6057329177856445,3.7901344299316406,8.353306770324707
141,0.9246875047683716,5.049308776855469,3.453580856323242,7.430779457092285,0.9035333395004272,5.423736572265625,3.6448822021484375,8.111574172973633
142,0.9087397456169128,5.567506790161133,3.816408157348633,8.179780960083008,0.8870790600776672,5.995800971984863,4.073801040649414,8.776144981384277
143,0.921607494354248,5.159283638000488,3.5702219009399414,7.581203937530518,0.8935739994049072,5.786886692047119,3.91390323638916,8.520015716552734
144,0.9231880903244019,5.0978288650512695,3.4943981170654297,7.504384994506836,0.9088612198829651,5.3468708992004395,3.7194347381591797,7.884390354156494
145,0.9244096279144287,4.9620361328125,3.3454651832580566,7.444474697113037,0.9012385606765747,5.631469249725342,4.083255767822266,8.207487106323242
146,0.9062121510505676,5.783150672912598,4.194849014282227,8.292283058166504,0.8938092589378357,5.831809997558594,3.9973678588867188,8.51059341430664
147,0.9231778979301453,5.027373313903809,3.408702850341797,7.504884719848633,0.9053318500518799,5.474070072174072,3.8221092224121094,8.035603523254395
148,0.9211504459381104,5.144191265106201,3.4916839599609375,7.603271961212158,0.9041823148727417,5.436255931854248,3.6313791275024414,8.084244728088379
149,0.9168985486030579,5.317626953125,3.6158008575439453,7.805581092834473,0.8885923027992249,6.026511192321777,4.320152282714844,8.717141151428223
150,0.9265112280845642,4.931483268737793,3.2846899032592773,7.340258598327637,0.9025146961212158,5.523474216461182,3.888326644897461,8.154289245605469
151,0.9286363124847412,4.922017574310303,3.3665714263916016,7.233351707458496,0.9078225493431091,5.313051223754883,3.42987060546875,7.929190635681152
152,0.919600784778595,5.097027778625488,3.356779098510742,7.677622318267822,0.8974164724349976,5.692953109741211,3.983038902282715,8.36479663848877
153,0.9210470914840698,5.068482398986816,3.300013542175293,7.608254909515381,0.9013445973396301,5.533682823181152,3.6739635467529297,8.203081130981445
154,0.9221323728561401,5.066140651702881,3.3730316162109375,7.555779933929443,0.9039494395256042,5.476928234100342,3.6769237518310547,8.094061851501465
155,0.9221683144569397,5.01690149307251,3.3551130294799805,7.5540361404418945,0.9078333973884583,5.375363826751709,3.7267684936523438,7.928725719451904
156,0.9212957620620728,5.114240646362305,3.3143911361694336,7.5962629318237305,0.9034339785575867,5.552392959594727,3.886593818664551,8.115750312805176
157,0.9164963960647583,5.254728317260742,3.508635997772217,7.824445724487305,0.8982689380645752,5.627152442932129,3.896068572998047,8.329968452453613
158,0.9195518493652344,5.205991268157959,3.6320533752441406,7.679959297180176,0.9010525345802307,5.6441850662231445,4.112796783447266,8.215214729309082
159,0.922310471534729,5.006596088409424,3.344839096069336,7.547135353088379,0.9036913514137268,5.512332439422607,3.8697052001953125,8.104927062988281
160,0.9101508855819702,5.533356666564941,3.785940170288086,8.116293907165527,0.8914895057678223,5.903862953186035,4.128013610839844,8.603050231933594
161,0.9195597171783447,5.137362957000732,3.4239940643310547,7.679584980010986,0.8976784944534302,5.689450740814209,3.817983627319336,8.354107856750488
162,0.9247329235076904,4.940826892852783,3.224771499633789,7.428540229797363,0.9030834436416626,5.4450364112854,3.6150407791137695,8.13046646118164
163,0.9214797616004944,5.086856365203857,3.358367919921875,7.587378025054932,0.8938290476799011,5.781448841094971,4.0280327796936035,8.509800910949707
164,0.923588216304779,5.060555934906006,3.529585838317871,7.484816074371338,0.9046356678009033,5.517825126647949,3.9402828216552734,8.065096855163574
165,0.8912716507911682,6.07454776763916,4.065258979797363,8.92837142944336,0.897526741027832,5.709061145782471,3.965057373046875,8.360300064086914
166,0.9170557856559753,5.334085464477539,3.655273914337158,7.798192501068115,0.8957761526107788,5.668013095855713,3.8415756225585938,8.431407928466797
167,0.9224327802658081,4.948862075805664,3.332277297973633,7.54119348526001,0.9018752574920654,5.519419193267822,3.749481201171875,8.180988311767578
168,0.9233288764953613,4.97664737701416,3.183352470397949,7.497506618499756,0.9023976922035217,5.5127787590026855,3.686260223388672,8.15918254852295
169,0.9234446287155151,4.980775833129883,3.200094223022461,7.491844654083252,0.9030284285545349,5.524752140045166,3.75811767578125,8.13277530670166
170,0.9196385741233826,5.103975772857666,3.384322166442871,7.6758198738098145,0.9007636904716492,5.582077980041504,3.8029022216796875,8.227195739746094
171,0.9251556396484375,5.040384769439697,3.477935791015625,7.40764856338501,0.9063111543655396,5.393158912658691,3.7636051177978516,7.99393367767334
172,0.9268643856048584,4.898677825927734,3.275482177734375,7.322600841522217,0.9059145450592041,5.429454803466797,3.846405029296875,8.010833740234375
173,0.9203575253486633,5.2351975440979,3.706308364868164,7.6414055824279785,0.902948796749115,5.539214134216309,3.8219165802001953,8.136114120483398
174,0.9217995405197144,5.089176177978516,3.494731903076172,7.571910858154297,0.903946042060852,5.492888450622559,3.7065093517303467,8.094205856323242
175,0.924336314201355,4.957189559936523,3.249460220336914,7.448084831237793,0.901650071144104,5.616481304168701,4.042024612426758,8.190370559692383
176,0.9212989807128906,5.111095905303955,3.4438209533691406,7.596105575561523,0.9017766118049622,5.62458610534668,3.9882850646972656,8.185099601745605
177,0.9199930429458618,5.241212844848633,3.531543731689453,7.658871173858643,0.9011799097061157,5.642491817474365,4.047796249389648,8.209924697875977
178,0.9158474206924438,5.337042808532715,3.6939773559570312,7.854790210723877,0.9056001901626587,5.471945285797119,3.757598876953125,8.024206161499023
179,0.9159314036369324,5.296984672546387,3.5970535278320312,7.850869655609131,0.8868761658668518,6.016272068023682,4.214351654052734,8.784026145935059
180,0.9177142381668091,5.296361446380615,3.677281141281128,7.767179012298584,0.9015496969223022,5.61573600769043,3.8730297088623047,8.194550514221191
181,0.925334632396698,5.011697292327881,3.399700164794922,7.398786544799805,0.9100327491760254,5.279159069061279,3.6344451904296875,7.833552837371826
182,0.9214798808097839,5.043483734130859,3.2559814453125,7.587371826171875,0.9032264351844788,5.430171966552734,3.4745407104492188,8.124467849731445
183,0.9160361886024475,5.429553985595703,3.9380760192871094,7.845977306365967,0.8930752277374268,6.002850532531738,4.416242599487305,8.539958000183105
184,0.9143867492675781,5.3672308921813965,3.6273441314697266,7.922667503356934,0.887775182723999,5.969695568084717,4.094633102416992,8.749052047729492
185,0.9185259938240051,5.243976593017578,3.497206687927246,7.7287702560424805,0.8987267017364502,5.7579498291015625,4.258445739746094,8.311205863952637
186,0.9169988036155701,5.264754295349121,3.50362491607666,7.800870895385742,0.8952750563621521,5.897712707519531,4.404273986816406,8.451652526855469
187,0.9226241111755371,5.012341022491455,3.4222030639648438,7.531884670257568,0.9046024084091187,5.440488815307617,3.6527204513549805,8.066502571105957
188,0.9251717329025269,4.937178611755371,3.3383617401123047,7.406852722167969,0.9040319323539734,5.448948860168457,3.754897117614746,8.090585708618164
189,0.9189645648002625,5.086625099182129,3.317056655883789,7.707940578460693,0.9023361206054688,5.521432399749756,3.739126205444336,8.161755561828613
190,0.9222884178161621,5.072515487670898,3.4543676376342773,7.548205375671387,0.9058295488357544,5.4092183113098145,3.6992435455322266,8.01445198059082
191,0.9228003025054932,4.980773448944092,3.4479331970214844,7.523306369781494,0.9049139022827148,5.420866012573242,3.7149391174316406,8.053321838378906
192,0.9236515164375305,5.027623176574707,3.447871208190918,7.481714248657227,0.9041091203689575,5.51063346862793,3.643505096435547,8.08733081817627
193,0.9214559197425842,5.173710823059082,3.6577224731445312,7.588528633117676,0.8976227641105652,5.849615573883057,4.31997013092041,8.356380462646484
194,0.9222915768623352,4.9694061279296875,3.2772302627563477,7.548052787780762,0.9069932103157043,5.411360740661621,3.6005191802978516,7.964782238006592
195,0.9179006814956665,5.271049976348877,3.5137863159179688,7.758372783660889,0.8996865153312683,5.737257957458496,4.204930305480957,8.271727561950684
196,0.9135041236877441,5.508594036102295,3.8270626068115234,7.963400363922119,0.8881374001502991,6.16537618637085,4.630094528198242,8.734922409057617
197,0.9222828149795532,5.039931774139404,3.282313346862793,7.548480033874512,0.9043830633163452,5.4942851066589355,3.730602264404297,8.075769424438477
198,0.9190356731414795,5.194092750549316,3.5772275924682617,7.704556941986084,0.8997896909713745,5.616268634796143,3.8788833618164062,8.267471313476562
199,0.9234331250190735,4.9518842697143555,3.1923084259033203,7.492407321929932,0.9048090577125549,5.3721184730529785,3.509439468383789,8.057761192321777
200,0.9242443442344666,5.036630153656006,3.308274269104004,7.452610015869141,0.906987190246582,5.439357757568359,3.8864784240722656,7.965040683746338
201,0.9198506474494934,5.24297571182251,3.8441543579101562,7.665683269500732,0.9014121294021606,5.520688056945801,3.7990341186523438,8.200271606445312
202,0.91905277967453,5.255600929260254,3.6248016357421875,7.703744411468506,0.9047161340713501,5.465415954589844,3.7091407775878906,8.06169319152832
203,0.9203745126724243,5.099324703216553,3.4591007232666016,7.640591621398926,0.9013283848762512,5.56513786315918,3.9016780853271484,8.203754425048828
204,0.9262325167655945,4.889866828918457,3.2543115615844727,7.354165077209473,0.9048762321472168,5.441643238067627,3.7825241088867188,8.05491828918457
205,0.9202722311019897,5.227077484130859,3.6152868270874023,7.6454973220825195,0.9013493061065674,5.623636722564697,4.0517120361328125,8.20288372039795
206,0.9204651713371277,5.112508296966553,3.4894332885742188,7.636240005493164,0.8989492654800415,5.74224328994751,4.2104339599609375,8.302066802978516
207,0.9172282218933105,5.278252601623535,3.6176719665527344,7.790083408355713,0.8963205218315125,5.7769951820373535,4.069052696228027,8.4093599319458
208,0.9267071485519409,4.879393577575684,3.275482177734375,7.330469608306885,0.9097421765327454,5.28599214553833,3.526381492614746,7.846193313598633
209,0.9263492822647095,4.92574405670166,3.0670032501220703,7.348341464996338,0.9027243256568909,5.541828155517578,3.8278121948242188,8.14551830291748
210,0.9220825433731079,5.089757919311523,3.455659866333008,7.558197975158691,0.904343843460083,5.452831745147705,3.7552146911621094,8.077427864074707
211,0.92521071434021,5.0194411277771,3.414661407470703,7.404924392700195,0.902221143245697,5.522576808929443,3.768275260925293,8.166556358337402
212,0.9202913045883179,5.159644603729248,3.5075416564941406,7.644583225250244,0.906112015247345,5.4521050453186035,3.722522735595703,8.002423286437988
213,0.9251033067703247,4.995015621185303,3.3271942138671875,7.410240650177002,0.9043384790420532,5.4689788818359375,3.6424503326416016,8.077652931213379
214,0.9201478362083435,5.174712181091309,3.6970996856689453,7.651459693908691,0.9074029326438904,5.391662120819092,3.72214412689209,7.94721794128418
215,0.9192438125610352,5.172262668609619,3.4667272567749023,7.6946492195129395,0.895455539226532,5.792726039886475,3.9890689849853516,8.444365501403809
216,0.9219405055046082,5.029980659484863,3.3514881134033203,7.565085411071777,0.9037390947341919,5.466546058654785,3.701995849609375,8.10291862487793
217,0.924702525138855,5.0277791023254395,3.3660707473754883,7.43004035949707,0.9049898386001587,5.455711364746094,3.7174644470214844,8.050106048583984
218,0.9217413663864136,5.059021472930908,3.369809150695801,7.5747270584106445,0.9049060940742493,5.407076358795166,3.717437744140625,8.053651809692383
219,0.922332227230072,5.172562599182129,3.4684391021728516,7.546078205108643,0.9036689400672913,5.564783573150635,3.9916229248046875,8.10587215423584
220,0.9216086864471436,5.140776634216309,3.5815863609313965,7.5811448097229,0.9039363265037537,5.5250749588012695,3.8255138397216797,8.09461498260498
221,0.9118154048919678,5.498590469360352,3.9293975830078125,8.040762901306152,0.8889824151992798,5.9911723136901855,4.332586288452148,8.70186710357666
222,0.9201902151107788,5.112144470214844,3.2770214080810547,7.649428367614746,0.9061147570610046,5.435728073120117,3.557659149169922,8.002307891845703
223,0.9256510138511658,4.941165924072266,3.4553279876708984,7.38309383392334,0.9044762849807739,5.4599432945251465,3.7069175243377686,8.071832656860352
224,0.9229060411453247,5.024196147918701,3.399280548095703,7.518151760101318,0.9075213074684143,5.357095718383789,3.658304214477539,7.942136764526367
225,0.9214497804641724,5.0618133544921875,3.436685562133789,7.588827133178711,0.8994734287261963,5.642674922943115,3.85565185546875,8.280508041381836
226,0.9233235716819763,5.038934230804443,3.3009414672851562,7.49776554107666,0.8992107510566711,5.716695308685303,4.23785400390625,8.291318893432617
227,0.9218008518218994,5.171098232269287,3.5434298515319824,7.571846961975098,0.9047242999076843,5.478799343109131,3.8038272857666016,8.061347961425781
228,0.9212738275527954,5.122313022613525,3.42545223236084,7.597320556640625,0.9043298959732056,5.4826555252075195,3.7509803771972656,8.078014373779297
229,0.9240766763687134,5.032184600830078,3.3342342376708984,7.460853099822998,0.9039768576622009,5.510767936706543,3.9488906860351562,8.092906951904297
230,0.9208178520202637,5.152946472167969,3.540095329284668,7.619291305541992,0.9035763740539551,5.548347473144531,4.010946273803711,8.109766006469727
231,0.9251617193222046,4.875265121459961,3.2539196014404297,7.407347679138184,0.8995985388755798,5.613185405731201,3.9043102264404297,8.27535343170166
232,0.9193921089172363,5.264634609222412,3.6936845779418945,7.687581539154053,0.9003101587295532,5.70938777923584,4.046128273010254,8.24597454071045
233,0.9253239631652832,4.8523054122924805,3.1490840911865234,7.399315357208252,0.9103826880455017,5.269117832183838,3.597461700439453,7.818302631378174
234,0.9164366126060486,5.380259990692139,3.7959041595458984,7.827245712280273,0.892625629901886,5.975780487060547,4.31672477722168,8.557892799377441
235,0.9158939123153687,5.286096572875977,3.586212158203125,7.852619171142578,0.9052122831344604,5.44415283203125,3.8043594360351562,8.04067611694336
236,0.9209476709365845,5.155831336975098,3.5872364044189453,7.613041877746582,0.9062214493751526,5.436153411865234,3.9482879638671875,7.9977593421936035
237,0.9252204895019531,4.887043476104736,3.093463897705078,7.4044413566589355,0.9064599871635437,5.4179229736328125,3.7925243377685547,7.9875807762146
238,0.921075165271759,5.031385898590088,3.131770610809326,7.6069016456604,0.9029746651649475,5.489456653594971,3.7470321655273438,8.135028839111328
239,0.9231767654418945,5.061486721038818,3.3606138229370117,7.50493860244751,0.9006887078285217,5.6230926513671875,3.982916831970215,8.230304718017578
240,0.915416419506073,5.276792049407959,3.371126174926758,7.874880790710449,0.9020761847496033,5.5767364501953125,3.9215164184570312,8.172608375549316
241,0.9253560304641724,4.972001552581787,3.284654140472412,7.397726058959961,0.9066208004951477,5.414278984069824,3.800708770751953,7.980710983276367
242,0.9231562614440918,4.997037410736084,3.1872262954711914,7.505939483642578,0.9008753299713135,5.576757431030273,3.7990150451660156,8.22256851196289
243,0.9244260191917419,4.898894309997559,3.2266845703125,7.443668842315674,0.9061586856842041,5.461071014404297,3.9235572814941406,8.000433921813965
244,0.9240298867225647,5.038789749145508,3.3391056060791016,7.463150978088379,0.905098021030426,5.467409610748291,3.7797584533691406,8.045520782470703
245,0.924540638923645,4.937229156494141,3.21356463432312,7.438023567199707,0.9070554971694946,5.403443813323975,3.589336395263672,7.962114334106445
246,0.9236239194869995,5.053946018218994,3.4868736267089844,7.483066558837891,0.9087526798248291,5.320407390594482,3.6087799072265625,7.889082908630371
247,0.9245462417602539,4.9656596183776855,3.286649703979492,7.437746524810791,0.906799852848053,5.38057804107666,3.692188262939453,7.973056793212891
248,0.9226974844932556,5.064199447631836,3.4935646057128906,7.52831506729126,0.8997226357460022,5.655827045440674,4.002111434936523,8.270237922668457
249,0.9256301522254944,4.946359157562256,3.4631755352020264,7.384130954742432,0.9054986238479614,5.405961036682129,3.665325164794922,8.028522491455078
250,0.9211357831954956,5.099527359008789,3.4184932708740234,7.603978157043457,0.9056673049926758,5.495006561279297,3.923992156982422,8.021353721618652
251,0.9212826490402222,5.16290283203125,3.4034080505371094,7.596894264221191,0.9027267694473267,5.554337024688721,3.832195281982422,8.145414352416992
252,0.9025436639785767,5.616603851318359,3.615302085876465,8.452902793884277,0.9017698764801025,5.584117889404297,3.8854923248291016,8.185381889343262
253,0.9239001274108887,4.91543436050415,3.020625114440918,7.4695234298706055,0.904427707195282,5.521024703979492,3.8385696411132812,8.073884963989258
254,0.9258641004562378,4.9076104164123535,3.37532901763916,7.3725080490112305,0.9040971994400024,5.485464572906494,3.779409408569336,8.087834358215332
255,0.9265487194061279,4.866352558135986,3.253572940826416,7.3383870124816895,0.9049394130706787,5.461752414703369,3.7633132934570312,8.052242279052734
256,0.9221966862678528,5.083375453948975,3.336332321166992,7.552660942077637,0.9047334790229797,5.42116117477417,3.7721920013427734,8.060958862304688
257,0.9205464720726013,5.147675037384033,3.4237842559814453,7.632335662841797,0.9038089513778687,5.514387130737305,3.8051509857177734,8.09997844696045
258,0.9265769124031067,4.8524017333984375,3.142721176147461,7.336977481842041,0.9061670303344727,5.431969165802002,3.7529382705688477,8.000078201293945
259,0.9232766628265381,5.057671070098877,3.3959484100341797,7.500058174133301,0.9064756631851196,5.400846481323242,3.692850112915039,7.986910343170166
260,0.9282316565513611,4.788593769073486,3.094633102416992,7.2538299560546875,0.90913325548172,5.314477920532227,3.6105613708496094,7.872615337371826
261,0.9172753691673279,5.271376132965088,3.6230525970458984,7.787864685058594,0.9057061076164246,5.380109786987305,3.6052513122558594,8.019704818725586
262,0.9210917949676514,5.049312114715576,3.1649742126464844,7.60609769821167,0.8985443711280823,5.70481014251709,3.951993942260742,8.318682670593262
263,0.9185492992401123,5.254703521728516,3.6804308891296387,7.72766637802124,0.906548023223877,5.385699272155762,3.7562732696533203,7.983821868896484
264,0.9236542582511902,4.953857421875,3.2802734375,7.4815802574157715,0.9002962708473206,5.571470737457275,3.8516924381256104,8.246549606323242
265,0.9246994256973267,4.965024948120117,3.3036956787109375,7.4301910400390625,0.8973544239997864,5.763809680938721,4.112842559814453,8.367324829101562
266,0.9198748469352722,5.179671287536621,3.513589859008789,7.664527416229248,0.9062144756317139,5.446413993835449,3.7074737548828125,7.998056888580322
267,0.9257938265800476,4.884693145751953,3.176311492919922,7.375999927520752,0.9075596332550049,5.361173152923584,3.58200740814209,7.940490245819092
268,0.9250495433807373,4.969548225402832,3.4606199264526367,7.412897109985352,0.9065960645675659,5.414586544036865,3.6899375915527344,7.981767177581787
269,0.9252053499221802,4.902860641479492,3.1838278770446777,7.405189037322998,0.9048848152160645,5.5423502922058105,3.975292205810547,8.05455493927002
270,0.9230220317840576,4.9652276039123535,3.228529453277588,7.5124945640563965,0.9060762524604797,5.442530632019043,3.7774410247802734,8.003948211669922
271,0.9242386221885681,4.970525741577148,3.20328426361084,7.452890872955322,0.9043033123016357,5.472342491149902,3.6980934143066406,8.07913875579834
272,0.9179288744926453,5.237888336181641,3.5921406745910645,7.757042407989502,0.9009008407592773,5.630571365356445,3.884572982788086,8.221508026123047
273,0.9191749691963196,5.257783889770508,3.6839752197265625,7.6979289054870605,0.9042102098464966,5.502635478973389,3.880033493041992,8.0830659866333
274,0.9252688884735107,4.940586090087891,3.2812633514404297,7.402044773101807,0.9040327668190002,5.4830403327941895,3.690521240234375,8.09054946899414
275,0.9221571087837219,5.04953145980835,3.3126115798950195,7.5545806884765625,0.9039930701255798,5.544569492340088,3.7897720336914062,8.092223167419434
276,0.9211403131484985,5.1347784996032715,3.533679962158203,7.603760242462158,0.9045233726501465,5.440617561340332,3.6835556030273438,8.069842338562012
277,0.9230803847312927,5.0649542808532715,3.4727249145507812,7.509646892547607,0.9060232639312744,5.478503704071045,3.927700996398926,8.006204605102539
278,0.9226014614105225,5.01495361328125,3.2844810485839844,7.532987117767334,0.9045467972755432,5.421239376068115,3.5529727935791016,8.068852424621582
279,0.9242094159126282,4.976571559906006,3.362865447998047,7.454327583312988,0.9056572318077087,5.400730609893799,3.6759414672851562,8.021781921386719
280,0.9129100441932678,5.474466800689697,3.802112579345703,7.990701675415039,0.9003769159317017,5.651254653930664,4.025457382202148,8.243212699890137
281,0.9195678234100342,5.204870700836182,3.5157432556152344,7.679195880889893,0.8984500765800476,5.803427219390869,4.314277648925781,8.322547912597656
282,0.92497718334198,5.011044025421143,3.4785614013671875,7.416476249694824,0.9071717858314514,5.341307640075684,3.675931930541992,7.957132339477539
283,0.9206810593605042,5.207009792327881,3.6597509384155273,7.625870227813721,0.9032500386238098,5.5616607666015625,3.9949188232421875,8.123476028442383
284,0.9076091051101685,5.580549240112305,3.8526535034179688,8.230298042297363,0.884972333908081,6.127052307128906,4.297555923461914,8.857633590698242
285,0.9237569570541382,4.992159366607666,3.310150146484375,7.476545333862305,0.9055472016334534,5.465788841247559,3.776134490966797,8.026459693908691
286,0.9249018430709839,4.956710338592529,3.342196464538574,7.420200347900391,0.9077800512313843,5.315245151519775,3.5415496826171875,7.9310197830200195
287,0.8916483521461487,6.095712661743164,4.165798187255859,8.912891387939453,0.8913838267326355,6.004013538360596,4.259025573730469,8.607237815856934
288,0.9224157333374023,5.1101274490356445,3.5002622604370117,7.542022705078125,0.904114842414856,5.455004692077637,3.777189254760742,8.087088584899902
289,0.9223434925079346,5.069013595581055,3.395657539367676,7.545531749725342,0.9027049541473389,5.5322957038879395,3.8638343811035156,8.146328926086426
290,0.9237273335456848,5.002756595611572,3.343656539916992,7.477997779846191,0.9060346484184265,5.412784576416016,3.7429428100585938,8.005721092224121
291,0.9140127897262573,5.4249138832092285,3.9160327911376953,7.9399495124816895,0.8988891243934631,5.7432966232299805,4.068172454833984,8.304536819458008
292,0.9186458587646484,5.243260383605957,3.6635141372680664,7.723083019256592,0.9041939377784729,5.461802005767822,3.7214412689208984,8.083751678466797
293,0.9236735701560974,4.974013805389404,3.330782890319824,7.480632305145264,0.9028158187866211,5.515463829040527,3.71942138671875,8.14168643951416
294,0.9168018102645874,5.2044477462768555,3.2963485717773438,7.810122013092041,0.9016009569168091,5.52131986618042,3.7536468505859375,8.192416191101074
295,0.9150317907333374,5.339641571044922,3.4878768920898438,7.892765998840332,0.8999919891357422,5.64192008972168,3.9580116271972656,8.259121894836426
296,0.9260779619216919,4.954870700836182,3.325531005859375,7.3618645668029785,0.9085207581520081,5.3241119384765625,3.590147018432617,7.899104595184326
297,0.9226905107498169,5.069581508636475,3.4496002197265625,7.528655052185059,0.904740035533905,5.419527530670166,3.7015113830566406,8.060681343078613
298,0.9217480421066284,5.083219051361084,3.3311080932617188,7.574406147003174,0.900801956653595,5.664089202880859,4.19050407409668,8.225608825683594
299,0.9247606992721558,4.947303771972656,3.3221092224121094,7.427166938781738,0.9082586169242859,5.404623031616211,3.730602264404297,7.910414695739746
